,index,Name,Country,Whiskies,Votes,Rating,
0,1,12 Barrels,Netherlands,7,7,86.36,
1,2,1423 - World Class Spirits,Denmark,1,1,83.17,
2,3,16 states,Germany,4,2,85.34,
3,4,18 Brands Spirits,United States,1,,0.00,
4,5,1890 Wines & Spirits,United States,1,,0.00,
5,6,1st Pannonian Whisky Club,Austria,1,,0.00,
6,7,28 Mile Distilling,United States,1,,0.00,
7,8,3006 Whisky,Netherlands,84,71,86.04,
8,9,39 North Spirits,United States,2,,0.00,
9,10,82 Chapters to Newcastle,Germany,39,36,85.97,
10,11,A & C Walker Ltd.,Scotland,2,1,73.00,
11,12,A & G Selection,Italy,10,10,86.82,
12,13,A Few Barrels Company,Switzerland,21,8,87.03,
13,14,A Taste of Scotland Ltd.,Scotland,1,1,65.00,
14,15,A. & A. Crawford Ltd.,Scotland,31,19,82.12,
15,16,A. & B. Mackay Ltd.,Scotland,2,,0.00,
16,17,A. A. Baker,United Kingdom,1,,0.00,
17,18,A. A. Muirhead,Scotland,4,,,
18,19,A. Alexander & Co.,Scotland,11,3,78.33,
19,20,A. Bulloch & Co.,Scotland,7,3,79.33,
20,21,A. Ferguson & Company,Scotland,18,5,68.01,
21,22,A. Gillies & Co. (Distillers) Ltd.,Scotland,48,15,81.88,
22,23,A. J. Ponte & Co.,Scotland,3,,,
23,24,A. Walters & Co.,Scotland,1,,0.00,
24,25,A.D. Rattray,Scotland,1092,912,85.58,
25,26,A.D.C. Halford & Co. Ltd.,Scotland,1,,0.00,
26,27,Abbey Whisky,Scotland,21,19,87.30,
27,28,Abbeyhill Distilling Co. Ltd.,Scotland,23,10,84.55,
28,29,Aberdeen Whisky Company,Scotland,8,1,81.75,
29,30,Aberfoyle & Knight Ltd.,Scotland,3,2,81.38,
30,31,Aboyne Bottlers,Scotland,1,,0.00,
31,32,Abyss,Hong Kong,1,1,86.67,
32,33,Aceo Limited,United Kingdom,54,41,83.93,
33,34,Acla da Fans,Switzerland,97,95,87.33,
34,35,Acorn,Japan,198,143,86.54,
35,36,Acredyke Whisky Ltd.,Scotland,38,17,80.27,
36,37,Ad Fundum,Germany,1,,0.00,
37,38,Adelphi,Scotland,982,876,87.07,
38,39,Adolf Weisenbach,Germany,4,4,90.00,
39,40,Aflodal,Sweden,4,3,87.53,
40,41,Aged Spirits,Scotland,15,10,88.57,
41,42,AGITATOR WHISKYMAKARE,Sweden,2,2,84.25,
42,43,Agitator Wines,United States,2,,0.00,
43,44,Aikan Whisky,Martinique,8,7,78.50,
44,45,Ainneamh,Scotland,16,12,85.78,
45,46,Ainslie & Heilbron,Scotland,51,35,83.79,
46,47,"Ainslie, Baillie & Co. Ltd.",Scotland,1,1,80.00,
47,48,Aird Blenders,Scotland,13,9,82.44,
48,49,Alambic Classique,Germany,304,240,86.72,
49,50,Alba Import,Germany,76,70,85.06,
50,51,Alba Whisky Shop,Germany,2,2,87.39,
51,52,Albany Blenders Ltd.,Scotland,14,5,77.33,
52,53,Alchemist,Scotland,60,51,84.41,
53,54,Alex Albright & Co. Ltd.,Scotland,7,,,
54,55,Alex. Macdonald & Co.,Scotland,1,,0.00,
55,56,Alexander & Macdonald Ltd.,Scotland,4,2,85.00,
56,57,Alexander Blending Co. Ltd.,Scotland,12,5,82.65,
57,58,Alexander Davey Ltd.,Scotland,1,,0.00,
58,59,Alexander Dunn & Co,Scotland,22,10,84.46,
59,60,Alexander MacGregor & Co.,Scotland,16,10,56.83,
60,61,Alexander McKenzie & Co. Ltd.,Scotland,1,,0.00,
61,62,Alexander Muir & Son Ltd.,Scotland,10,3,81.33,
62,63,Alexander Murray & Co,Scotland,163,94,84.52,
63,64,Alexander Raeburn & Co.,Scotland,1,1,85.00,
64,65,Alexander Stevenson & Co. Ltd.,Scotland,1,,,
65,66,Alfred Barnard and Company,Scotland,23,2,85.00,
66,67,Alfred Giraud,France,5,5,84.33,
67,68,Alistair Forfar Ltd,Scotland,2,1,75.00,
68,69,Alistair Graham Ltd.,Scotland,6,1,82.00,
69,70,Alistair Walker Whisky Company,Scotland,116,103,86.57,
70,71,Allan Cameron & Sons Ltd.,Scotland,3,,,
71,72,Almighty Spirits,United States,5,,,
72,73,Alpha Whisky,Scotland,1,,0.00,
73,74,Alphabet Whisky,Israel,1,1,82.00,
74,75,Alsace Ltd,France,21,14,78.34,
75,76,Alte Brennerei,Germany,16,5,80.20,
76,77,Alte Tabakstube,Germany,32,18,87.80,
77,78,Amazing Spirits - Markus Mattonet,Germany,1,,,
78,79,Americana Whiskey,United Kingdom,3,3,82.78,
79,80,Anam na h-Alba,Germany,238,236,86.13,
80,81,Anderson & Mortimer,United Kingdom,10,5,90.92,
81,82,Anderson & Shaw,Scotland,10,4,84.00,
82,83,Anderson Kerr Ltd.,Scotland,3,1,79.50,
83,84,Andrew Collie & Co. Ltd.,Scotland,1,1,92.00,
84,85,Andrew D. Thomas & Co.,Scotland,5,1,70.00,
85,86,Andrew D. Thomson & Co. Ltd.,Scotland,8,3,77.90,
86,87,Andrew Laing & Co. Ltd.,Scotland,7,2,78.50,
87,88,Andrew Macdonald (London) Ltd.,England,2,,0.00,
88,89,Andrews Mitchell Ltd.,Scotland,1,,,
89,90,Angel's Share Whisky,Hong Kong,1,,0.00,
90,91,Angelshare,Scotland,5,2,84.54,
91,92,Angus Dundee Distillers,United Kingdom,61,44,78.98,
92,93,Angus MacDonald,Scotland,25,17,79.65,
93,94,Angus McKay & Co.,Scotland,8,4,81.26,
94,95,Angus Mitchell & Co.,Scotland,1,,0.00,
95,96,"Angus, Leckie Limited",Scotland,2,1,85.00,
96,97,Animal Spirits,Singapore,7,2,88.50,
97,98,Anne McKenzie's,Switzerland,3,1,85.33,
98,99,Antique Lions of Spirits,Italy,18,18,88.72,
99,100,Anton Plekhov Whisky Merchant,Russian Federation,6,6,84.74,
100,101,Aqua Vitae,Taiwan,65,37,87.79,
101,102,Arcanum Spirits,Germany,6,5,87.45,
102,103,Arch. Cowan Mason & Co.,Scotland,1,,0.00,
103,104,Archibald Aikman & Co.,Scotland,5,,0.00,
104,105,Archibald Lauder & Co. Ltd.,Scotland,36,21,76.68,
105,106,Archives,Netherlands,214,206,87.48,
106,107,Ardent Spirits,Scotland,4,4,88.47,
107,108,Ardgowan Distillery Company,Scotland,10,5,85.85,
108,109,Ardray,Scotland,1,1,83.17,
109,110,Army & Navy Stores,United Kingdom,2,2,88.25,
110,111,Arran Japan Limited,Japan,22,13,90.50,
111,112,Arranthony Moray,Belgium,4,3,87.17,
112,113,Art and Cask,France,11,7,83.43,
113,114,Art Malts,Belgium,2,2,89.50,
114,115,Art of Whisky,Germany,27,26,87.43,
115,116,Artful Dodger Whisky Collective,United Kingdom,26,23,86.66,
116,117,Arthur Bell & Sons,Scotland,293,139,78.92,
117,118,Asta Morris,Belgium,127,116,86.51,
118,119,Atlas Whisky & Rum Company,Italy,3,2,85.39,
119,120,Atom Brands,United Kingdom,93,55,86.23,
120,121,Augustus & Barnaby,Scotland,1,1,91.00,
121,122,Aujoux & Cie GmbH,Germany,3,1,82.00,
122,123,Auld Rare Whisky Sweden AB,Sweden,31,26,86.84,
123,124,Aulquerc,Poland,1,1,93.00,
124,125,Austrian Scotch Whiskymuseum,Austria,2,2,84.50,
125,126,Austrian Whisky Connoisseurs,Austria,3,3,87.05,
126,127,Averys,United Kingdom,51,16,89.79,
127,128,Avonside Whisky Ltd.,Scotland,57,45,89.02,
128,129,awico,Switzerland,4,4,87.17,
129,130,B.J. Evans,United States,1,,0.00,
130,131,B.R. Distilling Company,United States,106,6,84.67,
131,132,Backhaus Café Liese,Germany,9,8,77.77,
132,133,Badachro Distillery Limited,Scotland,23,17,84.76,
133,134,Baird Taylor Ltd.,Scotland,10,4,81.54,
134,135,Balerno & Currie,Scotland,1,1,63.00,
135,136,Ballac Whisky Ltd.,Scotland,1,,0.00,
136,137,"Ballantyne Stewart & Co., Ltd.",Scotland,5,,0.00,
137,138,barbara's wine-yards,Germany,3,3,86.85,
138,139,Barclay & Co.,Scotland,1,,0.00,
139,140,Bardstown Barrel Selections,United States,35,21,81.11,
140,141,Barista's Secret,Belgium,1,1,84.25,
141,142,Baron of Strichen,Scotland,3,3,81.33,
142,143,Barrel and Bottle,United States,5,1,84.00,
143,144,Barrel Beast,Germany,2,2,89.75,
144,145,Barrique,Germany,79,32,79.88,
145,146,Bartels Rawlings International Ltd,United Kingdom,83,49,85.62,
146,147,"Bartels, Rawlings & Co. Ltd.",United Kingdom,8,1,88.05,
147,148,Battlehill Scotch Whisky Co.,Scotland,167,70,83.87,
148,149,Bauernkirsch GmbH,Germany,2,1,83.00,
149,150,Bayway World of Liquor,United States,6,2,79.50,
150,151,Beacon Spirits,Belgium,7,7,87.78,
151,152,Beara Distillery,Ireland,4,2,84.11,
152,153,Beardmore Whisky,Germany,1,1,84.00,
153,154,Beartown Brewery,United Kingdom,4,,,
154,155,Beechwood Blenders of Glasgow,Scotland,1,,0.00,
155,156,Beek Spirits,Netherlands,25,22,80.85,
156,157,Behind the Cask,Japan,3,2,83.75,
157,158,BEIJIU Gallery,China,1,,,
158,159,Beinn An Tuirc,Scotland,2,2,86.17,
159,160,Beinn Bhuidhe Holdings Ltd.,Scotland,12,7,86.36,
160,161,Bellaire & Day Whisky Co.,Canada,6,6,85.39,
161,162,Bellows & Company,United States,1,1,88.92,
162,163,Ben Bhraggie Whisky Co.,Scotland,1,,0.00,
163,164,Benmore Distilleries Ltd.,Scotland,17,6,84.60,
164,165,Bergslagens Independent,Sweden,74,55,83.90,
165,166,Berry Bros & Rudd,United Kingdom,1712,1381,86.14,
166,167,Bespoken Spirits,United States,10,1,82.00,
167,168,Best Dram,Germany,227,216,85.99,
168,169,Best of Whisky,Netherlands,6,6,84.26,
169,170,Best Spirits,Belgium,5,5,86.34,
170,171,Bestofwhisky.pl,Poland,6,6,89.75,
171,172,Bestwhisky,Germany,41,30,83.96,
172,173,Bestwhiskymarket,Poland,30,29,86.31,
173,174,BHP Smokewood Gold,Germany,4,2,87.70,
174,175,Big Market,Germany,86,58,85.60,
175,176,Big Mouth Whisky & Co.,Scotland,1,1,82.00,
176,177,Bij Thijs,Netherlands,2,1,87.20,
177,178,Billund Airport,Denmark,4,,0.00,
178,179,Bimber Distillery,United Kingdom,2,2,81.81,
179,180,Black McDonald & Co.,Scotland,1,,0.00,
180,181,Black Mountain,France,17,9,78.48,
181,182,Black Tartan Limited,Scotland,2,2,85.74,
182,183,Blackadder,United Kingdom,1683,1265,86.40,
183,184,Blackmoon,Switzerland,1,1,88.33,
184,185,Blacks Distillery,Ireland,8,5,83.26,
185,186,Blackwater Distillery,Ireland,6,5,81.96,
186,187,Bladnoch Forum,Scotland,114,109,86.08,
187,188,Blasmhor,Taiwan,19,5,86.60,
188,189,Blind Summit,Scotland,3,,0.00,
189,190,Bloch Brothers,Scotland,8,1,76.00,
190,191,"Block, Grey & Block Ltd.",Scotland,21,9,77.65,
191,192,Bloomsbury Spirit Co.,Scotland,18,9,91.18,
192,193,Bluebird Selection,Switzerland,2,1,92.00,
193,194,BlueWhite Spirits,Finland,4,4,83.31,
194,195,BNC Alkmaar,Netherlands,3,3,84.43,
195,196,Boann Distillery,Ireland,36,32,83.11,
196,197,Bold Rock Craft Spirits,United States,2,,0.00,
197,198,Bond #1,Japan,7,5,87.76,
198,199,Bonfield Blenders,Scotland,9,2,73.13,
199,200,Bonner Pfeifen- & Cigarrenhaus,Germany,10,9,87.42,
200,201,Boogieman Import,Netherlands,23,21,87.73,
201,202,Borås Whiskyklubb,Norway,3,3,92.22,
202,203,Bottles & Legends,Belgium,8,8,87.28,
203,204,Bottles & More,Germany,2,2,87.38,
204,205,Bottleshop24,Germany,1,,0.00,
205,206,Bowen & McKechnie Ltd.,Scotland,3,,0.00,
206,207,Box Destilleri,Sweden,4,1,89.00,
207,208,Brachadair,Belgium,17,17,86.34,
208,209,Braeside Bonding Co.,Scotland,1,1,80.00,
209,210,Bramble Whisky Company,Scotland,6,5,86.89,
210,211,Branded Spirits Limited,United States,3,,0.00,
211,212,Brauerei Luzern AG,Switzerland,2,,0.00,
212,213,Braunstein,Denmark,13,13,86.25,
213,214,Brave New Spirits,Scotland,75,62,85.05,
214,215,Brdr. D's Vinhandel,Denmark,1,1,84.00,
215,216,Bridge & Main,United States,1,,0.00,
216,217,Bridge of Dulnain Blenders,Scotland,3,2,69.50,
217,218,Bristol Brandy Company Ltd.,United Kingdom,1,1,91.00,
218,219,Bristol Spirits Ltd,United Kingdom,2,2,86.74,
219,220,Brodie Crawford & Co. Ltd.,Scotland,1,,0.00,
220,221,Brooks & Bohm,Scotland,2,1,81.00,
221,222,Broomielaw Blending Co Ltd.,Scotland,1,1,85.50,
222,223,Brothers in Malt,Germany,56,55,86.66,
223,224,Brown & Brown,Scotland,1,,0.00,
224,225,Brown & Ellis,Scotland,1,,0.00,
225,226,Bruce & Company,Scotland,8,2,81.50,
226,227,Bruce Keville & Co. Ltd.,Scotland,1,,,
227,228,Brühler Whiskyhaus,Germany,452,444,87.13,
228,229,Buchanan McKenzie & Co. Ltd.,Scotland,5,2,85.84,
229,230,Buds & Barrels,Belgium,7,7,87.00,
230,231,Bulloch Lade & Co. Ltd,Scotland,57,29,84.10,
231,232,Bunratty,Ireland,11,3,60.02,
232,233,Burlington Drinks Co.,United Kingdom,7,2,73.57,
233,234,Burlington Wine & Spirits,United States,2,,0.00,
234,235,Burn Brae (Blenders),Scotland,26,15,82.57,
235,236,Burn McKenzie & Co. Ltd.,Scotland,32,18,79.81,
236,237,Burn Stewart & Co. Ltd.,Scotland,60,22,79.33,
237,238,Burn Stewart Distillers PLC,Scotland,40,23,79.85,
238,239,Burnobennie,Scotland,2,,0.00,
239,240,Bushido Whisky,Japan,4,,0.00,
240,241,BuyMyWhisky,Germany,2,2,86.22,
241,242,BYOB-C,Belgium,21,21,86.70,
242,243,C&S Dram Collection,Germany,243,240,84.48,
243,244,C. & J. McDonald Ltd.,Scotland,19,10,74.70,
244,245,C. & W. Stewart (Aberdeen) Ltd.,Scotland,6,1,86.00,
245,246,C. Dully Selection,Switzerland,24,23,87.60,
246,247,Cadenhead's,Scotland,4967,4065,87.05,
247,248,Café Z,Germany,25,17,86.04,
248,249,Cairngorm Whisky Centre,Scotland,4,3,87.54,
249,250,Cambridge Wine Merchants,United Kingdom,2,1,74.00,
250,251,Campbell & Clark Limited,Scotland,9,3,88.23,
251,252,Campbell Distillers Ltd.,Scotland,5,4,71.85,
252,253,Campbell Maclean & Co,Scotland,1,,0.00,
253,254,Campbell Meyer & Company Ltd.,Scotland,12,5,72.52,
254,255,"Campbell, Hope & King",Scotland,10,4,89.33,
255,256,Campbeltown Whisky Company Ltd.,Scotland,76,76,85.77,
256,257,Cane And Grain,United Kingdom,8,6,85.27,
257,258,Caora,Switzerland,15,15,87.08,
258,259,Captain Burn's,United Kingdom,63,39,84.96,
259,260,Carlisle & District,United Kingdom,2,2,82.00,
260,261,Càrn Mòr,Scotland,11,8,85.41,
261,262,Carradale Blending Co,Scotland,1,,0.00,
262,263,Carrington Distillers Limited,Canada,1,,,
263,264,Casa Verde,Germany,3,1,77.00,
264,265,Casillo Getraenke,Switzerland,32,26,87.46,
265,266,Cask 88,United Kingdom,35,19,87.57,
266,267,Cask by Robin,Sweden,3,3,84.41,
267,268,Cask Trade,United Kingdom,4,3,85.39,
268,269,Cask Viking,Sweden,24,13,85.38,
269,270,Cask-and-Bottles Andreas Rossnagel,Germany,1,1,87.36,
270,271,Caskade,Scotland,1,,0.00,
271,272,CaskAid,Belgium,35,35,85.25,
272,273,Caskplan,Netherlands,2,2,87.67,
273,274,Caskshare,Scotland,17,10,85.65,
274,275,Caskstrength.net,Scotland,1,1,83.78,
275,276,casQueteers,Netherlands,23,22,87.01,
276,277,Catawiki,Netherlands,6,6,85.47,
277,278,Cave Aquila,Belgium,5,4,88.49,
278,279,Caves de Bécon,France,1,1,78.33,
279,280,Ceder & Tjeder,Sweden,5,5,83.15,
280,281,Celtic Connections,Scotland,10,4,89.42,
281,282,Celtic Spirit Company,United Kingdom,4,1,80.00,
282,283,Celtic Whisky,Germany,29,15,85.41,
283,284,Celtic Whisky Compagnie,France,48,37,85.70,
284,285,Celtic Whisky Dreams Ansbach,Germany,4,3,85.66,
285,286,Chapel Gate Whiskey,Ireland,69,34,83.69,
286,287,Chapter 7,Scotland,75,71,86.32,
287,288,Charles Edge,United Kingdom,8,5,81.77,
288,289,Charles H. Julian Ltd.,United Kingdom,17,6,82.36,
289,290,Charles Kinloch & Co. Ltd.,United Kingdom,9,4,86.50,
290,291,Charles Mackinlay & Co.,Scotland,83,37,81.37,
291,292,Charles Marchants Ltd.,Scotland,3,2,81.29,
292,293,Charles Muirhead & Son,Scotland,39,12,72.78,
293,294,Charles W. Johnstone,Scotland,2,,,
294,295,Chess Malt,Denmark,18,16,87.86,
295,296,Chester Whisky & Liqueur Company,United Kingdom,18,17,85.96,
296,297,Chisholm & Co.,Scotland,6,2,85.67,
297,298,Chivas Brothers Ltd.,Scotland,526,347,81.79,
298,299,Chorlton Whisky,United Kingdom,80,77,87.15,
299,300,Churton Cousins Ltd.,Scotland,1,1,75.00,
300,301,Churtons Ltd.,Scotland,9,5,83.10,
301,302,cigarrenversand.de,Germany,3,2,86.00,
302,303,Civil Service Stores,United Kingdom,1,,0.00,
303,304,Clan Munro Whisky Ltd.,United Kingdom,13,8,81.33,
304,305,Clansman Malt Connection,Germany,2,2,86.57,
305,306,Clare Island Whiskey Limited,Ireland,1,,0.00,
306,307,Clarendon (Whisky) Ltd.,United Kingdom,1,1,79.00,
307,308,Classic Whisky & Lifestyle,Germany,2,2,88.04,
308,309,Claxton's,United Kingdom,356,301,86.64,
309,310,Cleghorn Distillers,Scotland,5,,,
310,311,Clonakilty,Ireland,50,45,82.51,
311,312,Club Qing,Hong Kong,47,37,88.54,
312,313,Clyde Distillers Ltd.,Scotland,6,2,83.50,
313,314,Clydebank Blenders Ltd.,England,2,,0.00,
314,315,Clydesdale,Scotland,80,74,77.57,
315,316,Coachbuilt Spirits Ltd.,United Kingdom,1,1,82.33,
316,317,Coastalboy,Germany,49,35,86.93,
317,318,Coburg Whisky,Germany,6,6,80.58,
318,319,Cochrane Blair & Co. Ltd.,Scotland,8,1,84.00,
319,320,Cockburn & Campbell Ltd.,United Kingdom,5,1,86.33,
320,321,Cockburn & Co.,Scotland,16,8,76.75,
321,322,Cockburn & Murray,Scotland,6,4,80.69,
322,323,Cockburn Smithes & Co. Ltd.,Scotland,3,,0.00,
323,324,Cole & Skinner,Scotland,1,,0.00,
324,325,Colin Forbes Ross & Co. Ltd.,Scotland,5,1,84.00,
325,326,Cologne Barrel,Germany,6,1,81.00,
326,327,Commitment to Malt,Netherlands,22,20,85.11,
327,328,Compass Box,Scotland,414,335,85.28,
328,329,Concrete Cow Brewery,United Kingdom,3,,,
329,330,Connacht Whiskey Company,Ireland,12,9,83.95,
330,331,Conqueror (Wine & Spirit) & Co.,Scotland,1,,,
331,332,Consulte Distillers of Scotland Co.,Scotland,2,,0.00,
332,333,Coors Whiskey Company,United States,2,,,
333,334,Copeland Distillery,United Kingdom,4,1,79.00,
334,335,Copper Monument,United Kingdom,6,6,85.12,
335,336,Coppercraft,United States,5,3,75.00,
336,337,CormanCollins,Belgium,1,1,87.36,
337,338,Corney & Barrow,United Kingdom,3,,0.00,
338,339,Cotton & Co.,Scotland,2,2,74.75,
339,340,Courtney & Co. Ltd.,Scotland,3,1,71.00,
340,341,Craft Works Distillery,Australia,18,1,75.00,
341,342,Craig Gordon & Co.,Scotland,16,4,83.13,
342,343,"Craig, Marshall & Co.",Scotland,3,2,86.50,
343,344,Craighall Bonding Co. Ltd.,Scotland,2,1,80.00,
344,345,Craigmhor Whisky Ltd.,Scotland,6,2,82.17,
345,346,Craigton Packaging Ltd.,Scotland,11,5,86.70,
346,347,Creative Whisky Company,Scotland,704,616,85.68,
347,348,Crom,Germany,81,72,84.93,
348,349,Crowded Barrel Whiskey Co.,United States,5,3,67.33,
349,350,Crown Spirits,Belgium,10,6,82.08,
350,351,Crown Whisky Company,Scotland,1,,,
351,352,CS James & Sons Ltd,Scotland,62,23,84.98,
352,353,Cumbrae Supply Company,Scotland,32,13,87.34,
353,354,Cursiter Brothers,Scotland,1,1,84.00,
354,355,Cuspid Spirits,Italy,4,1,85.00,
355,356,Cut Hill Distillery,Australia,5,,0.00,
356,357,Cut Point,Scotland,3,2,87.50,
357,358,Cut Your Wolf Loose,England,9,8,87.16,
358,359,D&M Wines and Liquors,United States,56,13,84.78,
359,360,D. & G. McLaren,Scotland,1,1,83.33,
360,361,D. A. Company (Glasgow),Scotland,3,,0.00,
361,362,D. Cameron & Co. Ltd.,Scotland,13,9,78.67,
362,363,D. G. Thomas Ltd.,Scotland,2,,,
363,364,D. Johnston & Co. (Laphroaig) Ltd.,Scotland,19,9,86.93,
364,365,D.J. Thomson & Co. Ltd.,Scotland,1,,0.00,
365,366,D.R. Allan & Company,Scotland,10,1,92.50,
366,367,Dà Mhìle Distillery,United Kingdom,22,20,84.56,
367,368,Daily Dram,Belgium,298,294,87.72,
368,369,Dallmayr,Germany,5,5,85.25,
369,370,Daniel Crawford & Son,Scotland,12,1,65.00,
370,371,Dansk Maltwhisky Akademi,Denmark,38,37,86.22,
371,372,Dänus Lounge,Switzerland,1,,0.00,
372,373,Darach Whisky,United Kingdom,3,2,87.34,
373,374,Daracha Maltwhiskyspesialisten,Norway,3,3,85.22,
374,375,Dark Sky Spirits Ltd.,Scotland,9,6,86.58,
375,376,Dark Valley Whisky,Australia,32,8,83.88,
376,377,David Henderson & Co. Ltd.,Scotland,1,,0.00,
377,378,"Davison, Newman & Co. Ltd.",United Kingdom,8,5,80.13,
378,379,De Vere,Scotland,1,1,74.00,
379,380,Dead Whisky Society,Scotland,6,5,88.90,
380,381,Decadent Drinks,Scotland,22,20,86.26,
381,382,Deerstalker,United Kingdom,41,38,83.67,
382,383,Defilement,Scotland,3,2,82.63,
383,384,Deheck e.K.,Germany,5,1,70.00,
384,385,deinwhisky.de,Germany,1,1,88.66,
385,386,Dekantā,Japan,4,1,82.00,
386,387,Deki Spirits,United States,1,,0.00,
387,388,Delhaize le Lion,Belgium,2,,0.00,
388,389,derwhisky.de,Germany,7,7,84.70,
389,390,Destille Mainz,Germany,7,2,85.00,
390,391,Destillerías Belmonte S.L.,Spain,1,1,60.33,
391,392,Det Norske Brenneri,Norway,4,4,83.78,
392,393,Detour Spirits,Slovakia,4,2,86.35,
393,394,Detti e Spiriti,Italy,2,2,88.19,
394,395,deutsche-Whiskys.de,Germany,3,,,
395,396,Dew Hill Co. Ltd.,Scotland,10,5,76.00,
396,397,DH Global Spirits Limited,United Kingdom,4,3,87.17,
397,398,DH17,Netherlands,5,5,81.30,
398,399,Diageo,Scotland,12,9,80.43,
399,400,Die Whiskybotschaft,Germany,9,8,82.75,
400,401,Distillers Exporters Ltd.,Scotland,2,,,
401,402,Diver & Son Ltd.,United Kingdom,1,1,89.67,
402,403,Doctor Whisky,Russian Federation,27,,0.00,
403,404,Dolleruper Destille,Germany,4,4,72.63,
404,405,Donald Fisher Ltd.,Scotland,29,13,82.66,
405,406,Donald Fraser & Co.,Scotland,5,5,82.09,
406,407,Donald MacKenzie Distillery Ltd.,Scotland,5,1,84.00,
407,408,Donald Scott & Co.,Scotland,1,,0.00,
408,409,Double-V,Belgium,13,13,86.27,
409,410,Douglas Agency,Scotland,10,7,87.30,
410,411,Douglas Denham Ltd.,Scotland,5,5,86.82,
411,412,Douglas Hamilton,Scotland,49,37,84.44,
412,413,Douglas Laing,Scotland,4926,4110,86.19,
413,414,Douglas McGibbon,Scotland,940,701,82.84,
414,415,Douglas McKay & Co. Ltd.,Scotland,2,,0.00,
415,416,Douglas McNiven & Co.,Scotland,19,11,74.65,
416,417,Douglas Murdoch,Scotland,15,9,86.53,
417,418,Douglas of Drumlanrig,United Kingdom,410,331,84.81,
418,419,Douglas Thomson,Germany,12,12,85.14,
419,420,DR Scotch Whisky Ltd.,Scotland,13,10,86.88,
420,421,Dragon Claw Whiskey,United Kingdom,2,,,
421,422,Dram 242,Belgium,14,13,87.91,
422,423,Dram Brothers Whisky Society,Luxembourg,7,6,87.64,
423,424,Dram Charaidean,Netherlands,15,15,85.66,
424,425,Dram Hunters,United States,2,,0.00,
425,426,Dràm Mòr,Scotland,83,79,86.12,
426,427,Dram Way,Germany,11,9,83.76,
427,428,DramCatcher,Switzerland,10,10,87.21,
428,429,Dramfool,Scotland,111,110,87.88,
429,430,Dramful! - Malt Connection,Germany,4,4,88.11,
430,431,Drammer's Club USA,United States,2,,0.00,
431,432,DRAMtastisch,Netherlands,3,1,81.00,
432,433,Dramtime,Netherlands,9,7,85.50,
433,434,Dream Casks,Hong Kong,2,2,88.75,
434,435,Dream Drams,United Kingdom,39,33,83.68,
435,436,Dream Whisky,Italy,18,11,87.45,
436,437,Dresdner Spirituosen Manufaktur,Germany,7,1,79.50,
437,438,"Drew, Ward & Co.",Scotland,2,,0.00,
438,439,Drinks by the Dram,United Kingdom,16,8,82.00,
439,440,Drumguish Distillery Ltd.,Scotland,18,10,72.33,
440,441,Drummin & Co. Ltd.,Scotland,4,,0.00,
441,442,Drunken Sailor Spirits,United States,1,,0.00,
442,443,DS Tayman,United Kingdom,27,23,84.16,
443,444,Duckhammer's Rare & Fine Spirits,Germany,20,20,88.25,
444,445,Dumangin J. Fils,France,17,13,85.58,
445,446,Dumbass Whiskey,United States,5,,0.00,
446,447,Dun Eideann,Scotland,350,205,87.54,
447,448,Dunadd,United Kingdom,11,3,78.33,
448,449,Dunbar Scotch Whisky Blending Co. Ltd.,Scotland,2,,,
449,450,Duncan Bros. & Mackay,United Kingdom,5,,0.00,
450,451,Duncan Fraser & Co.,Scotland,10,4,82.73,
451,452,Duncan Gilmour & Co. Ltd.,Scotland,1,,0.00,
452,453,Duncan Macbeth & Co,Scotland,15,4,87.26,
453,454,Duncan MacGregor & Co.,Scotland,3,2,82.47,
454,455,Duncan MacKinnon & Co. Ltd.,Scotland,4,1,84.00,
455,456,Duncan Macleod & Co,Scotland,1,,,
456,457,Duncan Piper Ltd.,Scotland,25,9,88.22,
457,458,Duncan Taylor,Scotland,3826,2927,86.53,
458,459,Duncan Weston & Co. Ltd.,Scotland,8,,0.00,
459,460,Duncan Weston & Son Ltd.,Scotland,,,0.00,
460,461,"Duncan, Gilbey & Matheson Ltd.",Scotland,19,1,80.00,
461,462,Duncannon Blenders Ltd.,Scotland,3,,,
462,463,Dundee Bonding Co.,Scotland,1,,0.00,
463,464,Dunglass Whisky Co.,Scotland,1,1,81.50,
464,465,"Dunlop, Mackie & Co. Ltd.",United Kingdom,2,,0.00,
465,466,Dutch Whisky Society,Netherlands,1,1,83.25,
466,467,E. & J. Burke Ltd.,England,4,,,
467,468,E. & P. Morrison,Scotland,1,1,81.00,
468,469,E. H. James Ltd.,United Kingdom,1,,0.00,
469,470,Eadie Cairns,Scotland,16,8,83.46,
470,471,Eaglesome Ltd.,Scotland,46,37,85.25,
471,472,Earlskine - Your Whisky Destination,Germany,6,5,87.22,
472,473,East Asia Whisky Company,Japan,8,3,91.50,
473,474,East Village Whisky Company,Germany,66,66,89.10,
474,475,Eastlin Alba Ltd.,Scotland,2,,0.00,
475,476,Echlinville Distillery Ltd.,United Kingdom,41,35,86.46,
476,477,Edinburgh Whisky Ltd,Scotland,17,13,84.34,
477,478,Edition Spirits,Scotland,681,502,86.39,
478,479,Edward Archer & Co. Ltd.,Scotland,10,2,78.25,
479,480,Edward Young & Co. Ltd.,Scotland,3,1,80.00,
480,481,Edwin Cheshire Ltd,United Kingdom,2,2,80.00,
481,482,Eilan Gillan,France,36,32,83.15,
482,483,Eiling Lim,Malaysia,24,24,88.65,
483,484,El Vino,United Kingdom,9,6,86.02,
484,485,Elgin Bonding Co. Ltd.,Scotland,2,1,90.50,
485,486,Elixir Distillers,United Kingdom,720,635,87.39,
486,487,Ellis & Co. Ltd.,Scotland,1,,0.00,
487,488,Empire Whisky Company,United Kingdom,3,,0.00,
488,489,Enjoy Whisky,Germany,6,5,87.20,
489,490,Epicurean Selection LLC,United States,5,4,90.29,
490,491,ePower,Japan,28,17,86.44,
491,492,Erkens Whisky,Netherlands,23,16,85.10,
492,493,ERMURI,Germany,6,1,86.00,
493,494,Eskilstuna Whiskykultur,Sweden,5,5,87.43,
494,495,eSpirits Whisky,Germany,7,6,85.42,
495,496,Eternal Dram Nation,Faroe Islands,1,1,89.00,
496,497,Etter Söhne AG,Switzerland,1,1,77.25,
497,498,European Bourbon and Rye Association,Switzerland,29,13,88.90,
498,499,Ewan McIlwraith,Scotland,3,2,87.00,
499,500,Ewen & Co. Ltd.,Scotland,6,1,71.00,
500,501,Exile Casks,United Kingdom,2,2,87.92,
501,502,F. E. R. Dixon & Son Ltd.,Scotland,1,,,
502,503,F. Schollenberger,Germany,3,2,86.50,
503,504,F.D. Morton & Co. Ltd.,Scotland,1,,0.00,
504,505,Face To Face Spirit Company,Germany,15,15,89.86,
505,506,Fadandel.dk,Denmark,100,79,86.04,
506,507,Faszination Stralsund,Germany,6,4,83.17,
507,508,Fat Dram,United States,6,3,86.50,
508,509,Fatdararna,Sweden,2,2,88.00,
509,510,Feingeist - REWE Kornelius Golbik oHG,Germany,6,6,87.60,
510,511,Feingeist GmbH,Germany,31,30,84.82,
511,512,Feingeist Manufaktur UG,Germany,6,1,83.00,
512,513,Feinkost Reifferscheid,Germany,115,104,86.97,
513,514,Fergus D. Urquhart & Co.,Scotland,1,,0.00,
514,515,Fergus Mac Ivor Ltd.,Scotland,1,,0.00,
515,516,Ferguson & Light,Scotland,10,5,77.33,
516,517,Fib Whisky Ltd,Scotland,24,21,84.14,
517,518,Findlater Mackie Todd & Co. Ltd.,United Kingdom,50,21,81.63,
518,519,Fine Spirits Belgium,Belgium,7,4,84.27,
519,520,Finest Whisky,Germany,23,20,88.91,
520,521,Finn Thomson,Scotland,23,20,87.85,
521,522,Fionia Flasken,Denmark,7,4,86.58,
522,523,Fire & Ice Beverages A.G.,Switzerland,1,,0.00,
523,524,First Blending Co.,Scotland,39,22,73.55,
524,525,First Cask,United Kingdom,830,381,88.09,
525,526,First Ireland Spirits Co. Ltd.,Ireland,14,10,76.42,
526,527,Fischer & Bunge Edelbrände,Germany,1,,,
527,528,Fisser Brouwerij,Belgium,10,10,87.12,
528,529,Five Fold,United States,1,1,88.00,
529,530,Five Lions,Germany,34,20,83.68,
530,531,Flaviar,United States,23,17,88.00,
531,532,Flickenschild,Germany,36,34,85.29,
532,533,Flying Tumbler,Ireland,4,2,73.25,
533,534,Forbes Ross & Co. Ltd.,Scotland,6,2,83.17,
534,535,"Forbes, Farquharson & Co. Ltd.",Scotland,20,8,82.35,
535,536,Forest Distillery Ltd.,United Kingdom,26,6,83.36,
536,537,Forrester Milne & Co.,Scotland,12,7,79.37,
537,538,Fortnum & Mason,United Kingdom,10,3,67.50,
538,539,Found North,United States,20,5,90.20,
539,540,Four Gate Whiskey Company,United States,29,3,89.67,
540,541,Fox Fitzgerald,United Kingdom,48,44,85.30,
541,542,Foxton Distilling Company,Scotland,1,1,66.00,
542,543,Frank MacNaughton & Co,Scotland,5,2,79.18,
543,544,Frank-Lin,United States,21,9,82.54,
544,545,Fraser MacDonald Distillery Co. Ltd.,Scotland,18,3,77.87,
545,546,"Fraser, Stuart & Co. Ltd.",Scotland,3,1,79.50,
546,547,Freimeisterkollektiv,Germany,8,7,73.73,
547,548,Friends of Malt,Germany,7,7,86.11,
548,549,Friesenwhisky eG,Germany,9,7,74.96,
549,550,Fruitful Spirits,England,6,3,87.83,
550,551,Furneaux Distillery,Australia,9,,0.00,
551,552,Fürstenkellerei München,Germany,1,,0.00,
552,553,Futuredrink,Italy,1,1,72.00,
553,554,G&P Purveyors of Fine Scotch Whisky Ltd.,Scotland,35,30,80.68,
554,555,G. & Co. Limited,Scotland,3,,0.00,
555,556,G. Malloch,Scotland,4,2,86.19,
556,557,G. Wagner,Germany,4,4,88.48,
557,558,Gall & Gall,Netherlands,5,3,66.83,
558,559,Gem City Spirits,United States,1,,0.00,
559,560,"Gene's Dram, Foshan Raising International Co., Ltd",China,10,5,89.03,
560,561,Geniess-Bar!,Germany,6,,,
561,562,Genuss im Quadrat,Germany,2,2,85.38,
562,563,Genussecke Wittlich,Germany,1,1,78.00,
563,564,Geo. G. Sandeman Sons & Co. Ltd.,Scotland,11,2,78.00,
564,565,George Ballantine & Son,Scotland,398,265,79.74,
565,566,George Cowie & Son,Scotland,6,3,78.55,
566,567,George Morton Ltd.,Scotland,17,8,82.25,
567,568,George Nicholas & Son,Scotland,2,1,76.00,
568,569,George Strachan Ltd. of Deeside,Scotland,43,28,82.47,
569,570,George Willsher & Co. Ltd.,Scotland,12,7,83.67,
570,571,Georgetown Distillery,United States,2,,0.00,
571,572,Germar's,Germany,2,2,87.25,
572,573,Getränke Breunig GmbH,Germany,7,7,84.45,
573,574,Getränke Stendel Dortmund,Germany,6,5,85.72,
574,575,Getränke-Weiser,Germany,44,35,86.38,
575,576,GF & A Brown & Sons,United Kingdom,1,,0.00,
576,577,Ghost Hollow,United States,3,,0.00,
577,578,Gillespie & Partners,Austria,49,33,81.55,
578,579,Girolamo Luxardo S.p.A.,Italy,3,,,
579,580,Glaschu Spirits Co,Scotland,4,4,84.81,
580,581,Glasgow Distillers,Scotland,4,3,82.74,
581,582,Glasgow Whisky Limited,Scotland,2,1,65.00,
582,583,Glasstower GmbH,Switzerland,2,2,82.00,
583,584,Gleann Mór,Scotland,194,132,86.78,
584,585,Glen Dee Distillers,Scotland,2,2,82.00,
585,586,Glen Distillers Ltd.,Scotland,6,2,81.88,
586,587,Glen Fahrn,Germany,18,18,87.35,
587,588,Glen Fruin Co. Ltd.,Scotland,1,,0.00,
588,589,Glen Gordon Whisky Co. Ltd,Scotland,17,13,89.77,
589,590,Glen Mavis Distillers,Scotland,6,,0.00,
590,591,Glen Morar Co.,Scotland,1,,0.00,
591,592,Glen Rossie Distillers Ltd.,Scotland,7,,0.00,
592,593,Glen Stuart Whisky Co.,Scotland,6,4,84.23,
593,594,Glen Talla Ltd.,Scotland,28,8,82.65,
594,595,Glenaber Distilleries Ltd.,United Kingdom,1,,0.00,
595,596,Glenayr Whisky Blending Co. Ltd.,Scotland,1,,0.00,
596,597,Glencairn,Germany,1,,0.00,
597,598,Glencara Co. Ltd,Scotland,3,1,90.00,
598,599,GlenClyde Whisky Ltd,United Kingdom,53,51,83.19,
599,600,Glendaruel Whisky Company Limited,Scotland,2,,0.00,
600,601,Glendoon Blending Co.,Scotland,3,1,84.00,
601,602,Glenfyne Distillery Co. Ltd.,Scotland,2,1,91.33,
602,603,Glenguid Ltd.,Scotland,2,2,81.75,
603,604,Glenhaven,Scotland,41,33,87.14,
604,605,Glenmark (Scotch Whisky) Co.,Scotland,1,,0.00,
605,606,Glenscoma,Germany,75,71,87.41,
606,607,Glenvale Distillery,Scotland,1,,0.00,
607,608,Global Whisky Limited,Scotland,99,92,86.07,
608,609,Glock Spirits,Germany,13,6,82.36,
609,610,Goertsches,Germany,9,4,86.37,
610,611,Golden Blue,"Korea, Republic Of",4,,0.00,
611,612,Golden Decanters,Scotland,4,,,
612,613,Golden Drops,Denmark,1,1,85.09,
613,614,Golden Duck Brand,Poland,3,3,85.31,
614,615,Goldfinch Whisky Merchants,Scotland,27,25,86.66,
615,616,Gordon & Company,Scotland,88,83,86.37,
616,617,Gordon & MacPhail,Scotland,7430,5887,87.30,
617,618,Gordon Bonding,Scotland,10,4,83.88,
618,619,Gordon Graham & Co.,Scotland,45,32,78.84,
619,620,Gordon Highlander Ltd.,Scotland,11,1,88.50,
620,621,Goren's Whisky,Israel,9,9,88.09,
621,622,Gortinore Distillers & Co.,Ireland,6,4,81.11,
622,623,Gourmetpool GmbH,Germany,1,1,92.71,
623,624,Gowe Whisky,Netherlands,4,3,87.37,
624,625,Gradls Whiskyfässla,Germany,6,3,88.25,
625,626,Graeme McLeod & Sons,Scotland,3,3,66.76,
626,627,Grand Drams,Scotland,1,1,88.00,
627,628,Grangemouth Blending Co.,Scotland,2,1,1.00,
628,629,Grant Bonding Co. Ltd.,Scotland,26,13,85.73,
629,630,Grant MacDonald & Co.,Scotland,3,1,88.00,
630,631,Grant Sinclair & Co.,Scotland,3,,0.00,
631,632,Graton Distilling Co.,United States,4,,,
632,633,Gravity Drinks Limited,United Kingdom,24,1,79.50,
633,634,Gray & Adams Ltd.,Scotland,6,,0.00,
634,635,Grays Inn Distillery,Scotland,1,,0.00,
635,636,Great Plains,Canada,2,1,87.75,
636,637,Great West Distillers,Canada,1,,,
637,638,GreatDrams,United Kingdom,64,29,84.69,
638,639,Gregson Associates Ltd.,Scotland,4,,0.00,
639,640,Grey Rogers & Co. Ltd.,Scotland,20,1,75.00,
640,641,"Grierson, Oldham & Co. Ltd.",United Kingdom,6,2,85.50,
641,642,Groninger Vaatjes Club,Netherlands,5,5,84.13,
642,643,H. Cooke & Co.,United Kingdom,1,,,
643,644,H. Stenham Ltd.,Scotland,20,2,74.50,
644,645,H. Stone & Co. Ltd.,Scotland,6,1,86.00,
645,646,H.P. de Vreng en Zonen,Netherlands,53,13,86.10,
646,647,H.R. Ingram Aberdeen,Scotland,1,1,91.00,
647,648,HAH Whisky Ltd.,United Kingdom,20,16,84.58,
648,649,Halcyon Spirits,Scotland,3,1,90.00,
649,650,Halewood Vintners Ltd.,United Kingdom,4,2,76.22,
650,651,Hall & Bramley Ltd.,Scotland,11,4,89.67,
651,652,Hallmark of St. James,United Kingdom,9,7,89.63,
652,653,Hamish Robertson & Co. Ltd.,Scotland,13,7,73.44,
653,654,Hammerschmiede Spirituosen,Germany,11,6,85.50,
654,655,Handmade Moonshine,Germany,4,,0.00,
655,656,Hankey Bannister & Co.,Scotland,65,42,79.50,
656,657,Hannah Whisky Merchants Ltd,Scotland,17,12,85.86,
657,658,Hanse Spirit,Germany,3,3,80.65,
658,659,Hard to Find Whisky,United Kingdom,7,7,88.62,
659,660,Hard Truth Distilling Co.,United States,3,1,91.00,
660,661,Haromex,Germany,1,1,82.50,
661,662,Harris Whisky,United Kingdom,15,9,83.49,
662,663,Hart Brothers,Scotland,756,634,85.94,
663,664,"Harvey, Mackay & Co. Ltd.",Scotland,2,1,86.50,
664,665,"Harvey, MacNair & Co. Ltd.",Scotland,3,1,80.00,
665,666,Hatch Mansfield & Co. Ltd.,England,1,,0.00,
666,667,Hawkin Co. Ltd,United Kingdom,1,1,87.92,
667,668,Hayner Distilling Co.,United States,2,,0.00,
668,669,Heartwood,Australia,94,27,86.40,
669,670,Heathen Spirits,Germany,32,22,85.32,
670,671,Heaven of Malts,Austria,4,4,86.63,
671,672,Hedges & Butler Ltd.,Scotland,50,28,82.96,
672,673,Heidelberg Highlands,Germany,51,41,86.60,
673,674,Heinz Eggert,Germany,60,45,84.09,
674,675,Helen Arthur,United Kingdom,18,16,83.89,
675,676,Helgoheiner,Germany,7,6,81.08,
676,677,Hellmanns Naturextrakte,Germany,5,2,78.70,
677,678,Henry Ost & Co. Ltd.,Scotland,2,,,
678,679,Hepburn & Ross,Scotland,26,14,82.22,
679,680,Hepburn's Resolution Ltd,Switzerland,3,,0.00,
680,681,HEX,United Kingdom,1,,0.00,
681,682,Hibernia Distillers Ltd.,Ireland,38,29,80.98,
682,683,Hidden Spirits,Italy,124,119,87.69,
683,684,Hideo Yamaoka,Japan,129,70,88.54,
684,685,High Bank Co.,United States,2,,0.00,
685,686,High Coast Distillery,Sweden,55,25,84.51,
686,687,High Plains Distillery,United States,3,,0.00,
687,688,High Spirits Distribution,Switzerland,21,21,85.71,
688,689,High Spirits' Collection,Italy,244,210,87.26,
689,690,Highfern,Scotland,14,9,83.16,
690,691,Highland Blending Co.,Scotland,21,8,81.62,
691,692,Highland Harvest,United States,12,7,79.18,
692,693,Highland Malt Company,Scotland,4,1,83.67,
693,694,Highland Queen Scotch Whisky,Scotland,52,41,77.85,
694,695,Highland Shippers,Scotland,19,2,82.50,
695,696,Highlander Inn,Scotland,38,36,88.11,
696,697,Highlander Liquors,Scotland,7,7,80.57,
697,698,Highlander Liquors (JP),Japan,,,0.00,
698,699,Highlands Whisky Company,Scotland,4,4,86.83,
699,700,Hilgering Weinhaus,Germany,2,2,87.29,
700,701,Hill Thomson & Co. Ltd.,Scotland,84,50,81.39,
701,702,"Hill, Thomson & Co. Ltd.",Scotland,15,4,83.00,
702,703,Hillend Blenders & Co.,Scotland,8,1,79.00,
703,704,Hinch Distillery Co.,Ireland,10,10,82.65,
704,705,Hinterhaus Distilling,United States,13,,0.00,
705,706,Hiram Walker Europa,Spain,13,2,69.84,
706,707,Hodder & Co.,Scotland,1,,,
707,708,Hogshead Imports,Netherlands,18,18,86.22,
708,709,Holyrood Spirit Merchants,Scotland,6,5,82.20,
709,710,Home Base Spirits,United States,4,,0.00,
710,711,Home of Malts,Germany,4,4,84.18,
711,712,Hornes Brewery,United Kingdom,2,,,
712,713,Hot Springs Distilling,United States,1,,0.00,
713,714,Hotaling & Co.,United States,40,,0.00,
714,715,House of Douglas Ltd.,Scotland,2,,0.00,
715,716,House of Glenroy,Scotland,6,5,81.25,
716,717,House of Lords,Mauritius,4,1,83.00,
717,718,House of McCallum,Scotland,78,70,85.37,
718,719,House of Stuart Bonding Co.,Scotland,15,4,81.88,
719,720,House of Whisky,Germany,4,1,88.41,
720,721,Houston Bottling & Co-Pack,Scotland,1,1,83.00,
721,722,Howard Maclaren & Co.,Scotland,8,3,76.30,
722,723,"Howard, Douglas & Co.",United Kingdom,1,,0.00,
723,724,Huang Qing Feng,Germany,25,21,85.31,
724,725,Hudson's Bay Company of Scotland Ltd.,Scotland,14,6,84.70,
725,726,Hughes Bros. Distillers,United States,3,,0.00,
726,727,Hull Brewery Co. Ltd.,Scotland,1,1,85.00,
727,728,Hunt & Gather,United States,1,,0.00,
728,729,Hunt Club Distillery,United States,1,,0.00,
729,730,Hunter Hamilton,Scotland,128,94,87.33,
730,731,Hunter Laing,Scotland,1450,1138,86.33,
731,732,Ian D. Brown & Son,Scotland,4,,0.00,
732,733,Ian Macleod,Scotland,1548,1252,85.02,
733,734,Ian MacLeod & Co. Ltd,Scotland,2,2,87.72,
734,735,Ian Scott & Sons Ltd,Scotland,1,,0.00,
735,736,Ian Scott & Sons Ltd.,Scotland,6,3,75.17,
736,737,Iconic Art Spirits,Poland,6,4,80.70,
737,738,ImpEx Beverages Inc,United States,24,10,86.77,
738,739,In The Welsh Wind,United Kingdom,2,,0.00,
739,740,IN2Spirit,Belgium,12,11,85.87,
740,741,Inchrachan Ltd.,Scotland,1,1,85.33,
741,742,Independent Brothers,Switzerland,4,2,80.38,
742,743,Inis Tine Uisce Teoranta,Ireland,16,14,81.10,
743,744,INTERCO-MLE,Singapore,5,2,82.75,
744,745,Interpartner Weinimport,Germany,6,2,82.50,
745,746,Intertrade,Italy,31,27,91.12,
746,747,Inver House Distillers Ltd.,Scotland,68,47,80.96,
747,748,Inverarity Vaults,Scotland,37,19,77.83,
748,749,Invergordon Distillers,Scotland,41,26,75.47,
749,750,IPCO,Scotland,1,,0.00,
750,751,Iriscot Limited,Scotland,1,,0.00,
751,752,Irish Castle Pub,Germany,1,,,
752,753,Irish Spirit,Scotland,1,,0.00,
753,754,Irish Whiskey Bonding Co.,Ireland,2,2,84.00,
754,755,Irish Whiskeys,Germany,32,30,85.47,
755,756,Irish Whitetail Distillery,Ireland,1,,0.00,
756,757,Iron Fish Distillery,United States,13,,0.00,
757,758,Islay Cask Company,Germany,35,31,87.25,
758,759,Islay Scotch & more,Germany,18,15,86.83,
759,760,Isle of Arran Distillers Ltd.,Scotland,30,21,79.90,
760,761,Isle of Schylge Drinks,Netherlands,20,11,83.85,
761,762,J & G Barclay & Co.,Scotland,5,,,
762,763,J & W Hardie Ltd.,Scotland,68,43,80.32,
763,764,J. & A. Mitchell & Co. Ltd.,Scotland,2,2,85.00,
764,765,J. & G. Oldfield Ltd.,Scotland,7,2,80.50,
765,766,J. & G. Stewart Ltd.,Scotland,38,16,81.52,
766,767,J. & T. Currie,Scotland,1,,0.00,
767,768,J. & W. Bulmer Ltd.,Scotland,1,1,84.00,
768,769,J. & W. Nicholson & Co. Ltd.,United Kingdom,9,2,83.50,
769,770,J. Duncan Thomson & Co.,Scotland,1,,0.00,
770,771,J. G. Kinsey,Scotland,4,2,90.17,
771,772,J. G. Mackinnon & Co. Ltd.,Scotland,1,,0.00,
772,773,J. H. Wham & Son,Scotland,7,1,83.00,
773,774,J. J. Walsh Ltd.,Scotland,1,1,81.00,
774,775,J. M. Tulloch & Co.,Scotland,1,,,
775,776,J. MacArthur Jr. & Co. Ltd.,Scotland,13,7,81.59,
776,777,J. Ramsay & Co. Ltd.,Scotland,6,2,81.75,
777,778,J. S. Smith Druce & Co.,Scotland,4,,0.00,
778,779,J. Townend & Sons (Hull) Ltd.,England,2,1,82.00,
779,780,J. W. Cameron & Co.,United Kingdom,1,1,87.50,
780,781,J.&G. Grant International Ltd.,Scotland,11,6,83.99,
781,782,J.A. Bradley & Sons,Scotland,2,1,93.00,
782,783,J.G. Thomson & Co. Ltd.,Scotland,41,22,85.12,
783,784,J.J. Pfister Distilling,United States,3,1,83.00,
784,785,J.W. Cameron & Co. Ltd.,Scotland,2,,0.00,
785,786,J.W. Dant Co.,Scotland,2,,0.00,
786,787,Jack Tar,United Kingdom,3,,,
787,788,Jack Wiebers Whisky World,Germany,1039,983,86.84,
788,789,James B. Lawson,Scotland,1,,0.00,
789,790,James Bell & Co. (Leith) Ltd.,Scotland,3,,0.00,
790,791,James Buchanan & Co.,United Kingdom,248,146,82.05,
791,792,James Campbell & Sons,Scotland,7,1,70.00,
792,793,James Catto & Co. Ltd.,Scotland,42,29,76.72,
793,794,James Devereaux Ltd.,United Kingdom,4,2,91.00,
794,795,James Eadie,United Kingdom,209,199,85.42,
795,796,James G. Allan & Sons,Scotland,4,1,82.50,
796,797,James Hawker & Co. Ltd.,England,4,,0.00,
797,798,James MacArthur,Scotland,819,589,85.84,
798,799,James MacGregor and Co.,Scotland,1,,0.00,
799,800,James Macpherson & Co.,Scotland,1,,0.00,
800,801,James Martin & Co. Ltd.,Scotland,45,25,84.13,
801,802,James Mc Allister (Distillers) Ltd.,Scotland,2,,0.00,
802,803,James Mc Allister's Selection,France,6,5,85.04,
803,804,James McCrae & Co. Ltd.,Scotland,4,1,72.00,
804,805,James Munro & Son Ltd.,Scotland,2,,0.00,
805,806,James Parker Scotland Limited,Scotland,6,2,79.40,
806,807,James Sword & Son Ltd.,Scotland,3,,0.00,
807,808,James Watson & Co. Ltd.,Scotland,15,5,84.30,
808,809,James Williams Ltd.,United Kingdom,1,,0.00,
809,810,Jamie Rogers & Co.,Scotland,2,1,76.10,
810,811,Jas. & Geo. Stodart Ltd.,Scotland,52,25,76.11,
811,812,Jas. Gordon & Co.,Scotland,75,48,87.27,
812,813,Jas. Saunders & Co.,Scotland,6,1,84.00,
813,814,Jean Boyer,France,351,263,83.04,
814,815,Jeffrey St.,Scotland,2,1,87.00,
815,816,Jersey Artisan Distilling,United States,12,,0.00,
816,817,Jewish Whisky Company,United States,185,129,84.92,
817,818,Jock Fraser Ltd.,Scotland,1,,,
818,819,Jock Macdonald Ltd.,Scotland,3,2,72.00,
819,820,Joe's Malt Shop,Germany,1,1,87.29,
820,821,John & Robert Harvey & Co. Ltd.,Scotland,22,4,81.63,
821,822,John A. Bertram & Co. Ltd.,Scotland,4,2,90.38,
822,823,John Alexander's Collection,France,3,1,89.00,
823,824,John Aylesbury,Germany,39,26,84.78,
824,825,John Barker & Co. Ltd.,United Kingdom,1,,0.00,
825,826,John Barr & Company,Scotland,13,5,67.36,
826,827,John Begg Ltd.,Scotland,33,13,85.19,
827,828,John Brockford,Scotland,1,,,
828,829,John Buckmaster & Sons,United Kingdom,7,4,85.92,
829,830,John Churchill & Co.,Scotland,5,1,89.00,
830,831,John Cor Whisky Society,Sweden,25,23,86.45,
831,832,John Crabbie & Co.,Scotland,51,39,83.53,
832,833,John Crawford,Ireland,3,,0.00,
833,834,John Dewar & Sons Ltd.,Scotland,291,185,78.83,
834,835,John E. Fells & Sons,United Kingdom,1,,0.00,
835,836,John E. McPherson & Sons Ltd.,Scotland,44,24,84.67,
836,837,John Gardener Ltd.,England,1,,0.00,
837,838,John Gillon & Co. Ltd.,Scotland,25,15,85.36,
838,839,John Glen & Sons,Scotland,1,,0.00,
839,840,"John Grant, Blenders",Scotland,1,,0.00,
840,841,John Haig & Co. Ltd.,Scotland,267,165,80.79,
841,842,John Handy Co.,Scotland,1,,0.00,
842,843,John Hopkins & Co. Ltd.,Scotland,36,25,84.95,
843,844,John Howard & Sons,Scotland,5,,0.00,
844,845,John Laird & Co.,Scotland,1,,0.00,
845,846,John MacAllister,Scotland,2,,,
846,847,John Maclaren & Sons Ltd,Scotland,16,6,73.83,
847,848,John McCrae & Co.,Scotland,20,13,86.80,
848,849,John McEwan & Co Ltd.,Scotland,84,50,84.80,
849,850,John McGeary & Company Ltd.,United Kingdom,9,3,82.33,
850,851,John Milroy,United Kingdom,140,88,85.22,
851,852,John Murray & Co.,Scotland,3,2,87.38,
852,853,John Robertson & Son Ltd.,Scotland,16,9,82.69,
853,854,John Rogers & Sons Ltd.,Scotland,1,,0.00,
854,855,John S. Pears Blending Company,Scotland,1,,0.00,
855,856,John Walker & Sons,Scotland,953,627,81.36,
856,857,John Wallace & Co.,Scotland,2,1,86.00,
857,858,Johnson Distillers,Scotland,4,,0.00,
858,859,Johnson Judge & Co.,Scotland,11,2,76.75,
859,860,Joseph E. Seagram & Sons (Canada),Canada,84,41,78.27,
860,861,Joseph E. Seagram & Sons (Scotland),Scotland,44,29,76.37,
861,862,Joseph E. Seagram & Sons (USA),United States,8,5,76.85,
862,863,Joshua Tree Distilling,United States,2,,,
863,864,Joywhisky,China,52,23,87.08,
864,865,Julian & Trower Ltd.,United Kingdom,1,,0.00,
865,866,just-whisky.de,Germany,13,12,85.34,
866,867,Justerini & Brooks Ltd.,Scotland,149,77,76.96,
867,868,Jwhisky,Germany,2,1,87.50,
868,869,K&L Wine Merchants,United States,12,11,83.91,
869,870,K. E. Jameson & Son,Scotland,5,,,
870,871,Kampen Drinks,Netherlands,1,1,75.33,
871,872,Karl Lorenzen,Germany,1,1,81.00,
872,873,Kauai Distilling,United States,1,,0.00,
873,874,"Keating & Co., Store St., Dublin",Ireland,,,0.00,
874,875,Keeble Cask Company Ltd.,United Kingdom,14,9,86.53,
875,876,Keeper of the Spirit,Switzerland,6,6,88.42,
876,877,Kempenaer,Belgium,2,2,87.50,
877,878,Kennaway & Company Ltd.,Scotland,7,2,78.50,
878,879,Kent Distiller Company,United States,1,,0.00,
879,880,Kierzek-Berlin,Germany,20,19,86.28,
880,881,Kik-Bar,Italy,20,15,86.79,
881,882,Kilchoman,Scotland,4,4,88.89,
882,883,Killarney Distilling Company,Ireland,2,2,85.00,
883,884,Killowen Distillery,Ireland,45,44,85.38,
884,885,Kincardine Bottlers,Scotland,5,5,81.93,
885,886,Kindred Spirits,United Kingdom,7,,,
886,887,King & Mouse,Lithuania,2,2,89.00,
887,888,King Cask,Netherlands,15,15,85.75,
888,889,King Spirits,United States,1,,0.00,
889,890,King's Court Whisky Society,Netherlands,4,4,86.62,
890,891,Kingsburn Blenders Ltd.,Scotland,18,4,83.05,
891,892,Kingsbury,Japan,471,296,88.84,
892,893,Kinsale Spirit Co.,Ireland,7,4,80.94,
893,894,Kintocher Whisky Co. Ltd.,Scotland,14,5,66.47,
894,895,Kintra Whisky,Netherlands,75,74,85.84,
895,896,Kirker Greer Brands,United Kingdom,9,8,83.29,
896,897,Kirsch Import,Germany,61,54,85.65,
897,898,Klubb23,Belgium,27,25,86.86,
898,899,Knobel Spirits,United States,1,,0.00,
899,900,König & Schubert,Germany,6,2,62.00,
900,901,Königsmann,Germany,38,35,85.25,
901,902,Kotobukiya,Japan,3,2,80.34,
902,903,Krügers Whiskygalerie,Germany,131,102,85.14,
903,904,Kuba-MBC,Czech Republic,31,,,
904,905,Kyle's Crafted,Germany,3,,0.00,
905,906,Kyles Blending Co.,Scotland,21,6,85.01,
906,907,L&G Spirits,Germany,7,1,84.00,
907,908,L. van der Heijden,Switzerland,8,8,85.21,
908,909,L. W. McLech,Scotland,2,,0.00,
909,910,L.M.K. Copycat,Taiwan,2,1,87.00,
910,911,La Distillerie Générale,France,9,8,89.50,
911,912,La Famiglia Nostra,Germany,102,92,89.06,
912,913,La Maison du Whisky,France,242,224,87.09,
913,914,La Réserve,Scotland,16,7,90.82,
914,915,Lady of the Glen,Scotland,210,189,86.51,
915,916,Laird of Glenmore,Germany,2,1,86.00,
916,917,Lairdshall Blending Co.,Scotland,15,9,77.56,
917,918,Laksens hus,Denmark,5,,0.00,
918,919,Lamb & Watt Ltd.,England,1,,0.00,
919,920,Lambay Irish Whiskey Company,Ireland,13,11,79.86,
920,921,Lambert Brothers Ltd.,Scotland,55,16,79.03,
921,922,Lancashire Whisky Producers Ltd.,United Kingdom,3,,,
922,923,Lands of Scotland,Scotland,18,10,87.93,
923,924,Lang Brothers Ltd.,Scotland,75,35,81.17,
924,925,Langs Brothers,Scotland,8,4,83.17,
925,926,Langside Distillers,Scotland,469,357,83.30,
926,927,Länna Bruk Dryckeshandel,Sweden,2,1,84.00,
927,928,Laramie Brothers,Scotland,3,2,72.50,
928,929,Largiemeanoch Ltd.,Scotland,4,3,88.58,
929,930,Lateltin,Switzerland,2,1,84.22,
930,931,Latitude Beverage Co.,United States,26,,0.00,
931,932,Lauchlan Macdonald & Co. Ltd.,Scotland,1,,0.00,
932,933,Lauder & McGregor Limited,Scotland,1,,0.00,
933,934,Laux Feinkost,Germany,3,3,84.75,
934,935,Lawson & Smith Ltd.,Scotland,7,,0.00,
935,936,Le Gus't,France,32,32,88.86,
936,937,Leander Wein + Spirits,Liechtenstein,2,1,84.00,
937,938,Left Bank,United States,1,,0.00,
938,939,Lehar GmbH,Austria,1,1,66.00,
939,940,Leinburn,Scotland,2,,0.00,
940,941,Leith Still Room,Scotland,2,2,87.00,
941,942,Leomar,United Kingdom,1,1,79.80,
942,943,Leon Ltd.,Scotland,2,,0.00,
943,944,Leroux & Co. Ltd,United States,1,,0.00,
944,945,Les Domaines Qui Montent,France,2,,,
945,946,Les Grands Alambics,France,20,20,88.13,
946,947,Leuchie House,Scotland,2,2,88.37,
947,948,Lewis Westco & Co.,United States,1,,0.00,
948,949,Likeur & Jeneverfabriek Amsterdam,Netherlands,2,1,70.33,
949,950,Limited Whisky Investment,Germany,1,1,90.10,
950,951,Limited Whisky Ltd,England,3,3,87.50,
951,952,Limited Whisky Ltd,England,,,0.00,
952,953,Lindisfarne Limited,Scotland,31,1,89.00,
953,954,Lion's Whisky,Italy,2,,0.00,
954,955,Liquid Art,Belgium,22,21,87.93,
955,956,Liquid Gold Enterprises,United Kingdom,117,66,87.42,
956,957,Liquid Sun,Germany,113,98,86.71,
957,958,Liquid Treasures,Germany,133,126,85.94,
958,959,Liquor Fang,Taiwan,4,3,86.48,
959,960,Liquor Library,Australia,7,5,85.50,
960,961,Listoke Distillery,Ireland,1,1,73.00,
961,962,Little Brown Dog Spirits Ltd.,Scotland,25,22,87.28,
962,963,Little Cask Project,Germany,16,16,86.53,
963,964,Littlemill Blenders Ltd.,Scotland,7,3,82.50,
964,965,Liverpool Distillery Ltd.,United Kingdom,2,2,83.50,
965,966,Loaded Cannon Distillery,United States,4,,0.00,
966,967,Loch Fyne Whiskies,Scotland,94,57,84.00,
967,968,Loch Lomond Group,Scotland,3,1,72.77,
968,969,Loch Mor Spirits,Germany,6,3,77.17,
969,970,Lockett Bros,Scotland,21,12,87.35,
970,971,Log Still Distillery,United States,5,,0.00,
971,972,Lombard,United Kingdom,157,115,87.20,
972,973,London & Scottish International Ltd,United Kingdom,4,1,82.50,
973,974,Lonely Mountain Studio,China,1,1,90.00,
974,975,Long John Distilleries,Scotland,80,54,80.89,
975,976,Longman Distillers,Scotland,6,2,80.50,
976,977,Lord of the Drams,Belgium,5,5,85.18,
977,978,Lordson International,Scotland,2,1,79.00,
978,979,Lost Lantern Spirits LLC,United States,28,8,81.83,
979,980,Lough Gill Distillery,Ireland,14,12,83.43,
980,981,Lough Ree Distillery,Ireland,17,16,84.13,
981,982,Low Bonding Co.,Scotland,1,1,82.00,
982,983,Low Robertson & Co. Ltd.,Scotland,13,6,84.19,
983,984,Loża Dżentelmenów,Poland,24,24,85.83,
984,985,Lucky 29,United States,1,,0.00,
985,986,Lucky Seven Spirits,United States,46,1,90.00,
986,987,Luis Gordon Group Ltd,England,3,,0.00,
987,988,Luvians Bottle Shop,Scotland,6,4,89.53,
988,989,Luxury Old Spirit Company,Scotland,3,,,
989,990,M. & E. Shaw & Co. Ltd.,Scotland,2,,0.00,
990,991,M. Duff Mitchell Ltd.,Scotland,1,,0.00,
991,992,M. J. Dowdeswell & Co. Ltd,United Kingdom,5,4,78.00,
992,993,M. K. McLaren Ltd.,Scotland,1,,0.00,
993,994,M. Milne,Scotland,2,1,65.00,
994,995,Mac Dugald,Scotland,1,,0.00,
995,996,Mac Malt,Germany,31,26,85.36,
996,997,Mac Y,Denmark,6,5,86.78,
997,998,MacAlabur,Denmark,17,15,87.53,
998,999,Macaloney Distillers,Canada,4,4,83.38,
999,1000,Macanudo,United States,1,1,82.50,
1000,1001,Macdonald & Muir Ltd.,Scotland,58,29,82.43,
1001,1002,"Macdonald, Greenlees Ltd.",Scotland,106,57,82.53,
1002,1003,MacDuff International,Scotland,67,46,79.36,
1003,1004,Macfarlane Bruce & Co.,Scotland,19,13,88.75,
1004,1005,Macgregor & Ross,Scotland,14,7,81.85,
1005,1006,MacGregor Scott & Co. Ltd.,Scotland,1,1,85.00,
1006,1007,Macgregor's Whisky Cellar,Germany,2,1,88.00,
1007,1008,"Macgregor, Campbell & Moncrieff",Scotland,1,,0.00,
1008,1009,"MacGregor, MacDonald Blending Co. Ltd.",Scotland,1,,,
1009,1010,MacKay & McDavitt Co.,Scotland,15,5,71.35,
1010,1011,MacKenzie Brothers,Cyprus,2,1,82.00,
1011,1012,Mackenzie Duggan & Co. Ltd.,Scotland,3,,,
1012,1013,Mackie & Co. Distillers Ltd.,Scotland,8,2,55.00,
1013,1014,Mackillop's Choice,United Kingdom,490,337,87.29,
1014,1015,Mackintosh & Co.,Scotland,1,1,92.00,
1015,1016,MacKintosh & MacKintosh Ltd.,Scotland,8,2,81.50,
1016,1017,"Mackintosh, Macleod & Co. Ltd.",Scotland,1,1,88.00,
1017,1018,Maclachlans Ltd. Distillers,Scotland,7,,0.00,
1018,1019,MacLean & Bruce,Scotland,1,,0.00,
1019,1020,Macleay Duff (Distillers) Ltd,Scotland,20,8,80.39,
1020,1021,Macmillan Spirits Co. Ltd.,Scotland,1,1,84.00,
1021,1022,Macnab Distilleries Ltd.,Scotland,14,12,84.30,
1022,1023,Macpherson & Company,Scotland,3,,0.00,
1023,1024,Macphie of Glenbervie Ltd.,Scotland,2,,0.00,
1024,1025,MacQueen & McDavitt Co.,Scotland,1,,0.00,
1025,1026,MacQueen Bonding Co.,Scotland,1,1,87.00,
1026,1027,Maffia Monkeys,Belgium,4,4,87.20,
1027,1028,Magni Spirits AB,Sweden,9,9,85.38,
1028,1029,Maison Levaast,France,1,1,91.00,
1029,1030,Malcolm Fraser & Co. Ltd.,Scotland,2,,0.00,
1030,1031,Malcolm Macdonald & Co.,Scotland,1,,0.00,
1031,1032,Malcolm Pride Ltd.,Scotland,28,21,88.63,
1032,1033,Malmö Malt Whisky Society,Sweden,2,1,89.33,
1033,1034,Malt Musketeers,Scotland,3,3,89.18,
1034,1035,Malt of the Earth,Scotland,3,2,82.17,
1035,1036,Malt Whisky Company,Germany,12,10,86.27,
1036,1037,"Malt, Grain & Cane",Singapore,9,5,86.78,
1037,1038,Malt-Brothers,Germany,2,2,85.50,
1038,1039,Maltbarn,Germany,208,208,87.90,
1039,1040,Maltmountains,Germany,7,7,88.37,
1040,1041,Malts Of Germany,Germany,5,5,80.39,
1041,1042,Malts of Scotland,Germany,1420,1132,87.20,
1042,1043,Malts4you,Germany,1,1,89.00,
1043,1044,MaltUniverse Ltd,China,7,7,87.40,
1044,1045,Malty Spirits,Germany,2,2,88.25,
1045,1046,Mancarella,Germany,19,19,89.60,
1046,1047,Mandibolari,Italy,5,4,87.31,
1047,1048,manufaktor,Switzerland,1,,,
1048,1049,Manufaktur Lehmitz,Germany,11,8,84.50,
1049,1050,"Many, Blanc & Co. Inc.",United States,1,,0.00,
1050,1051,Mara Malt Rarities,Germany,1,1,87.33,
1051,1052,Mark & Manny's Malts,Belgium,32,32,86.14,
1052,1053,Mark Littler LTD,United Kingdom,1,,0.00,
1053,1054,Marshall Mc Gregor Ltd.,Scotland,2,,0.00,
1054,1055,Marshall Taplow Limited,Scotland,1,,0.00,
1055,1056,Masahiro Distillery,Japan,4,3,83.00,
1056,1057,Masam,Italy,11,10,89.55,
1057,1058,Mason & Summers,Scotland,15,4,69.00,
1058,1059,Master Blenders Ltd.,United Kingdom,1,,0.00,
1059,1060,Master of Malt,United Kingdom,861,525,85.88,
1060,1061,Master Picke,United States,5,,0.00,
1061,1062,Matisse Spirits Company,United Kingdom,30,19,84.40,
1062,1063,Matthew D'Arcy & Company Limited,United Kingdom,5,4,83.58,
1063,1064,Matthew Gloag & Son Ltd.,Scotland,254,168,78.68,
1064,1065,maxi vins,Luxembourg,1,1,87.00,
1065,1066,May & Bck,Germany,7,6,84.75,
1066,1067,Mayer's Feinste Brände,Germany,28,20,80.75,
1067,1068,"Mayor, Sworder & Co. Ltd.",United Kingdom,6,3,84.89,
1068,1069,Mc Coll Campbeltown & Company,Scotland,1,,0.00,
1069,1070,Mc Courteous Distillers,Scotland,1,,0.00,
1070,1071,Mc Farlane & Co.,Scotland,5,,0.00,
1071,1072,Mc Mullen's of Hertford,United Kingdom,1,1,74.50,
1072,1073,Mc Rätzke,Germany,1,,,
1073,1074,Mc Shelfie,Belgium,1,1,86.00,
1074,1075,Mc Tay's Distillery Ltd.,Scotland,6,5,86.27,
1075,1076,Mc. Caffery & Son,Scotland,10,9,81.40,
1076,1077,McAllister Distillers (Ahascragh Distillery),Ireland,5,5,86.45,
1077,1078,McCarthy's,Ireland,6,2,84.25,
1078,1079,McConnell's Distillery Company,Scotland,2,1,89.00,
1079,1080,McDowall,Scotland,5,4,78.50,
1080,1081,McFarlane Campbell & Co. Ltd.,Scotland,5,,0.00,
1081,1082,McGregor Anderson & Co.,Scotland,1,,0.00,
1082,1083,"McGregor, Craig & Co.",Scotland,1,1,88.00,
1083,1084,McGuinness Distillers,Canada,14,2,79.61,
1084,1085,McIntyre Scott & Co. Ltd.,Scotland,3,,0.00,
1085,1086,McIntyre's Malt Whisky Coy,United Kingdom,11,6,87.71,
1086,1087,McIvor's Distillery Ltd.,Scotland,3,,0.00,
1087,1088,McMullen & Sons Ltd,United Kingdom,1,1,76.50,
1088,1089,McNeill's Choice,Germany,144,109,85.94,
1089,1090,McWhisky.com,Germany,3,1,85.75,
1090,1091,Meadowside Blending,Scotland,512,459,86.76,
1091,1092,Melrose-Drover Ltd.,Scotland,6,,0.00,
1092,1093,Mercia Whisky Company Ltd,United Kingdom,2,,0.00,
1093,1094,Metropolitan Scotch Whisky Blenders,Scotland,12,4,80.75,
1094,1095,Mettlacher Abtei-Bräu GmbH,Germany,4,2,79.00,
1095,1096,Michel Couvreur,France,311,250,86.66,
1096,1097,Michiel Wigman,Netherlands,29,28,87.94,
1097,1098,Micil Distillery,Ireland,2,2,84.67,
1098,1099,Midas Malts,Sweden,1,1,88.00,
1099,1100,Mietzner's Whisky-Eck,Germany,3,,0.00,
1100,1101,Milam & Greene,United States,8,2,85.00,
1101,1102,Milano Whisky Company,Italy,3,3,84.71,
1102,1103,Miler Spirits,Poland,5,5,85.28,
1103,1104,Milroy's of Soho,United Kingdom,96,75,88.14,
1104,1105,Miniatura Collectives St. Andrews,Scotland,23,3,84.33,
1105,1106,Mitchell Brothers Ltd.,Scotland,12,5,76.73,
1106,1107,Mitra Kisjes Meppel,Netherlands,1,1,87.00,
1107,1108,Mo's Whisky Corner,Germany,9,6,87.54,
1108,1109,Moe Whisky Society,Canada,3,,0.00,
1109,1110,Mohan Meakin Limited,India,2,,,
1110,1111,Moncreiffe & Co.,Scotland,13,10,85.54,
1111,1112,Monnier Trading,Switzerland,47,45,87.80,
1112,1113,Montgomerie's,United Kingdom,94,59,86.46,
1113,1114,Montrose & Sons Single Cask Company,Scotland,3,1,83.00,
1114,1115,Montrose Blending Co.,United Kingdom,2,,0.00,
1115,1116,Montrose Whisky Company Ltd.,Scotland,17,3,80.33,
1116,1117,Moon Drops Distillery,United States,1,,0.00,
1117,1118,Moon-Import,Italy,190,173,89.01,
1118,1119,Moorcrest Blending Co.,Scotland,1,,0.00,
1119,1120,Moray Bonding,United Kingdom,6,3,87.11,
1120,1121,Moray Golf Club,Scotland,9,4,86.63,
1121,1122,Moray Malts,Scotland,8,2,84.00,
1122,1123,Morisco Spirits,Italy,15,13,87.03,
1123,1124,Morrison and MacKay,Scotland,805,717,85.66,
1124,1125,Morrison Bowmore Distillers Ltd,Scotland,70,29,83.17,
1125,1126,Morrison Fairlie Distillery Co.,Scotland,9,6,87.54,
1126,1127,Morrison Howat Distillers Ltd.,Scotland,9,6,88.12,
1127,1128,Morrison Scotch Whisky Distillers,Scotland,239,218,85.73,
1128,1129,mortlach.de,Germany,3,3,88.00,
1129,1130,Mossburn - Distillers & Blenders,Scotland,77,66,82.63,
1130,1131,Mr.Whisky,Germany,65,59,85.91,
1131,1132,Mrs Baker,United Kingdom,3,,0.00,
1132,1133,Muir Mackenzie & Co.,Scotland,41,23,77.54,
1133,1134,Muirhead's,Scotland,21,15,76.36,
1134,1135,Munich Spirits,Germany,11,10,87.03,
1135,1136,Munro Watson & Co,Scotland,9,6,90.45,
1136,1137,Murdoch McLennan,Scotland,2,,0.00,
1137,1138,"Murdoch, Macdermott & Co.",United Kingdom,1,1,87.67,
1138,1139,Murphy Stout Whiskey,Ireland,2,,,
1139,1140,Murray McDavid,Scotland,1343,1003,86.24,
1140,1141,Murrayfield Vatting Co. Ltd.,Scotland,2,,,
1141,1142,my Bar by David Gran,Germany,8,1,86.00,
1142,1143,MyNameIsWhisky,Switzerland,6,5,87.17,
1143,1144,Na Bràithrean,Scotland,18,11,85.16,
1144,1145,Naguelann,France,13,11,85.24,
1145,1146,Nanyang Whisky,Singapore,6,4,89.59,
1146,1147,National Distillers Products Company,United States,3,1,76.00,
1147,1148,Natural Color,France,14,6,81.39,
1148,1149,Neal & Co. (Blenders) Ltd.,Scotland,1,1,84.67,
1149,1150,Nectar Spirit Selection,China,44,39,88.62,
1150,1151,Never Say Die,United Kingdom,10,2,84.50,
1151,1152,New England Barrel Company,United States,2,1,87.33,
1152,1153,Niche Drinks Co. Ltd.,United Kingdom,16,14,79.91,
1153,1154,"Nicholson & Sons, Ltd.",Scotland,2,,0.00,
1154,1155,Nicol Anderson & Co. Ltd.,Scotland,12,7,80.80,
1155,1156,No Nonsense Whisky,United Kingdom,2,2,76.00,
1156,1157,Noble & Craig Company,Scotland,2,1,74.00,
1157,1158,Noble Elite Drinks,Belgium,2,1,72.00,
1158,1159,Noorbo Handelen,Denmark,9,,,
1159,1160,Norbotnia Whisky,Sweden,17,3,85.33,
1160,1161,Nordic Barrel,Scotland,1,,0.00,
1161,1162,Nordmarkens Destilleri AB,Sweden,3,3,80.67,
1162,1163,Nordren McCall Ltd.,Scotland,10,4,83.13,
1163,1164,Norse Cask Selection,Denmark,61,58,86.83,
1164,1165,North of Scotland Distilling Company,Scotland,9,6,87.90,
1165,1166,North Star Spirits,Scotland,235,206,86.60,
1166,1167,North's Major Ltd.,Scotland,1,,0.00,
1167,1168,Northern Blending Co. Ltd.,Scotland,1,1,80.00,
1168,1169,Northern Distillers,Scotland,4,2,89.09,
1169,1170,Northlander Whisky,Netherlands,1,1,75.33,
1170,1171,Not For You,Switzerland,5,5,88.74,
1171,1172,NoTieRequired,Estonia,4,4,88.55,
1172,1173,Oddbins,United Kingdom,38,24,79.91,
1173,1174,Offside Wedding,Germany,9,9,85.93,
1174,1175,Ogham Irish Whiskey,Ireland,1,1,84.50,
1175,1176,Oilea,Germany,1,,0.00,
1176,1177,Old Bakery Gin Limited,United Kingdom,2,1,71.00,
1177,1178,Old Blue Ribbon,United States,1,,0.00,
1178,1179,Old Bothwell,Scotland,47,44,89.29,
1179,1180,Old Master Spirits,Australia,1,,0.00,
1180,1181,Old Moor Blending Co.,Scotland,9,1,83.00,
1181,1182,Old St. Andrews Ltd,United Kingdom,47,21,73.95,
1182,1183,Oldetyme Distillers Inc.,United States,,,0.00,
1183,1184,Olivia Bennett & Co.,Scotland,1,,0.00,
1184,1185,One Expertise B.V.,Netherlands,2,2,88.09,
1185,1186,Ooshkie,United Kingdom,4,3,89.89,
1186,1187,OostEke Brouwers,Belgium,7,1,81.00,
1187,1188,Opuscule,Hong Kong,2,1,89.00,
1188,1189,Or Sileis,Scotland,85,52,88.14,
1189,1190,Orcines,France,37,21,85.67,
1190,1191,Origin Spirits Ireland Ltd.,Ireland,13,12,81.02,
1191,1192,Orphan Barrel,United States,24,22,86.15,
1192,1193,Osterland Whisky Collection,Germany,13,11,81.31,
1193,1194,Oxhead Whisky Company,Singapore,30,30,88.60,
1194,1195,O’Shaughnessy Distilling Co.,United States,4,3,84.11,
1195,1196,P. D. Carnegie & Sons,Scotland,2,,0.00,
1196,1197,P. Hickey et Nephews,United Kingdom,1,,0.00,
1197,1198,"P. Mackenzie & Co., Distillers Ltd.",Scotland,27,21,81.78,
1198,1199,P.G.Brogan & Co. Ltd,Ireland,3,2,80.00,
1199,1200,Pabst & Richarz GmbH + Co.,Germany,4,1,84.00,
1200,1201,Pacific Caledonian,Scotland,2,2,90.75,
1201,1202,Page & Sandeman Ltd.,Scotland,1,,0.00,
1202,1203,Paisal Group,Thailand,2,1,47.50,
1203,1204,Paisley Whisky Co. Ltd.,Scotland,24,13,75.33,
1204,1205,Parkers Whisky,Scotland,1,1,90.00,
1205,1206,Part des Anges,France,50,42,87.59,
1206,1207,Pat's Wine & Spirit Store,Netherlands,2,2,84.50,
1207,1208,Paten & Co. (Peterborough) Ltd.,England,1,,0.00,
1208,1209,Paul's Prime,Germany,18,12,80.51,
1209,1210,Peat Summer,Germany,10,2,88.50,
1210,1211,Peg Whisky,United Kingdom,3,2,84.71,
1211,1212,Pendulum Spirits Ltd,Scotland,140,98,84.00,
1212,1213,PerfectDram,Netherlands,40,37,85.33,
1213,1214,Peter Dawson,Scotland,27,16,84.69,
1214,1215,Peter Forsythe & Co,Scotland,4,,0.00,
1215,1216,Peter J. Russell & Co. Ltd,Scotland,30,20,83.36,
1216,1217,Peter Thomson (Perth) Ltd,Scotland,8,2,83.50,
1217,1218,Peter Walker Ltd,Scotland,5,3,86.67,
1218,1219,Petnor Blenders,United Kingdom,8,3,72.67,
1219,1220,Pfeifen Diehl,Germany,9,8,86.66,
1220,1221,Phenomenal Spirits,United States,13,1,86.00,
1221,1222,Phil & Simon Thompson,Scotland,317,297,87.06,
1222,1223,Pin'art,Belgium,2,2,89.84,
1223,1224,Pinkernells Whisky Market,Germany,6,5,84.92,
1224,1225,Pintail,Scotland,,1,89.00,
1225,1226,Pipe House,Germany,18,10,83.28,
1226,1227,Pirrie & Craig,Scotland,6,3,81.00,
1227,1228,PK Spirits,Viet Nam,2,2,89.59,
1228,1229,Planet of the Grapes,United Kingdom,3,2,86.63,
1229,1230,Platinum Cask,England,10,9,79.67,
1230,1231,PM Spirits,France,9,7,83.93,
1231,1232,Pointers of London,United Kingdom,47,1,89.00,
1232,1233,Porcine Partners & M&E Drinks,Singapore,3,1,89.00,
1233,1234,Portal Dingwall & Norris,United Kingdom,4,1,89.75,
1234,1235,Portknockie,Scotland,7,1,87.00,
1235,1236,Potstill,Austria,7,6,86.33,
1236,1237,Powerscourt Distillery,Ireland,35,24,84.94,
1237,1238,Pràban na Linne,Scotland,83,58,81.74,
1238,1239,Precious Liquors,Singapore,7,5,90.08,
1239,1240,Premier Bond,United Kingdom,6,4,88.00,
1240,1241,Premier Scotch Whisky Co.,Scotland,23,7,79.02,
1241,1242,Premium Bottlers Inc.,Canada,6,2,85.88,
1242,1243,Premium Spirits Agency,Germany,2,2,84.95,
1243,1244,Premium-Malts,Germany,1,1,84.00,
1244,1245,Premiumcask,Germany,4,4,89.47,
1245,1246,Private Barrel Co.,South Africa,16,8,87.83,
1246,1247,Private Cellar,Scotland,56,47,85.62,
1247,1248,Prohibition Craft Spirits,United States,166,21,87.43,
1248,1249,Prohibition Spirits,United States,2,1,83.00,
1249,1250,Proud Irish Whiskey Company Ltd,Ireland,6,2,71.84,
1250,1251,Pure Spirit,France,6,6,87.39,
1251,1252,Quality Spirits International Ltd.,United Kingdom,94,58,75.00,
1252,1253,Queen's Castle Blending Co.,Scotland,9,,0.00,
1253,1254,QV.ID,Belgium,7,7,87.09,
1254,1255,R&B Distillers,Scotland,33,28,81.58,
1255,1256,R. Carmichael & Sons Ltd,Scotland,25,11,78.60,
1256,1257,R. H. Thomson & Co. (Distillers) Ltd.,Scotland,8,3,81.89,
1257,1258,R. Stevenson Taylor & Co. Ltd.,Scotland,3,,0.00,
1258,1259,R. Thorne & Sons Ltd.,Scotland,20,2,81.50,
1259,1260,R. W. Duthie & Co.,Scotland,118,90,91.29,
1260,1261,R.B. Smith & Sons,Scotland,12,5,86.97,
1261,1262,R.C. Treadwell,United Kingdom,1,,0.00,
1262,1263,R.M. Rose,United States,4,,0.00,
1263,1264,R.N. MacDonald & Co,United Kingdom,33,25,84.42,
1264,1265,R.W. Cairns,Scotland,1,,0.00,
1265,1266,Raaw Cask,Norway,4,,0.00,
1266,1267,Raer,Scotland,5,1,80.67,
1267,1268,Raising Glasses,United States,1,,0.00,
1268,1269,Raleigh (Glasgow) Ltd.,Scotland,26,10,79.09,
1269,1270,Ramseyer's Whisky Connection,Switzerland,5,5,89.33,
1270,1271,Rare Cask Society,Australia,6,2,89.50,
1271,1272,Rare Character,United States,4,,0.00,
1272,1273,Rare Limited Whisky,Switzerland,1,1,87.67,
1273,1274,Rare Whisky 101,Scotland,2,1,90.00,
1274,1275,Rebel Distillers Ltd.,United Kingdom,1,,,
1275,1276,Rebel Spirits Limited,United Kingdom,4,,,
1276,1277,Regensburger Whisky- & Weinclub,Germany,14,15,90.28,
1277,1278,Regent Street Cask Bottlers,United Kingdom,3,,0.00,
1278,1279,Regis Whisky Mad,Scotland,5,5,85.67,
1279,1280,Reid Stuart & Co. Ltd.,Scotland,15,2,71.75,
1280,1281,Reid Wines Ltd.,England,1,1,89.00,
1281,1282,Reid Wright & Holloway (Distillers) Ltd.,Scotland,5,3,82.33,
1282,1283,Reinstein Ranch,United States,1,,0.00,
1283,1284,Remedy Distillery,United States,1,,0.00,
1284,1285,Rest & be Thankful Whisky Company,United Kingdom,91,84,87.02,
1285,1286,Restless Spirits Distilling Company,United States,3,1,65.00,
1286,1287,Resurgent Spirits,United States,13,,,
1287,1288,Rhein-Main-Stammtisch,Germany,3,3,88.01,
1288,1289,Rheingau Whisky / Graf von Ingelheim GmbH,Germany,2,2,81.67,
1289,1290,Richard Blending Co.,Scotland,1,1,70.00,
1290,1291,Richmond Distillers Ltd,United Kingdom,7,2,80.00,
1291,1292,Riegger's Selection,Germany,233,204,85.75,
1292,1293,Riverside Scotch Whisky Co. Ltd.,Scotland,1,,0.00,
1293,1294,Riverstown,Scotland,36,34,84.59,
1294,1295,Rob. Jackson & Sons,Scotland,1,,,
1295,1296,"Robb, Murray & Co.",Scotland,1,,0.00,
1296,1297,Robbie Douglas,United Kingdom,2,1,86.00,
1297,1298,Robert Brown Limited,Scotland,1,,0.00,
1298,1299,Robert Buchan & Co.,Scotland,1,1,90.50,
1299,1300,Robert Castle,Scotland,5,1,80.00,
1300,1301,Robert G. Hicks & Co.,Scotland,1,,0.00,
1301,1302,Robert Graham,Scotland,75,51,84.04,
1302,1303,Robert J. W. Sutherland & Co.,Scotland,1,,,
1303,1304,Robert Macnish & Co. Ltd.,Scotland,22,13,81.69,
1304,1305,Robert McCreddie & Co.,Scotland,4,,0.00,
1305,1306,Robert McKie Neil & Co.,Scotland,6,1,64.00,
1306,1307,Robert Watson (Aberdeen) Ltd.,Scotland,30,12,85.97,
1307,1308,Robertson of Kirkwall,Scotland,12,11,90.38,
1308,1309,Robertsons of Pitlochry,Scotland,19,16,84.97,
1309,1310,Rochdale & Co. Ltd,Scotland,7,5,87.40,
1310,1311,Rockstar Spirits,United Kingdom,1,1,80.00,
1311,1312,Roderick & Henderson,Scotland,16,7,78.11,
1312,1313,Roderick McLeod & Co. Ltd.,Scotland,1,1,86.25,
1313,1314,Roe & Co.,Ireland,14,12,82.47,
1314,1315,Roger's Whisky Company,Netherlands,7,7,85.17,
1315,1316,ROKiT Drinks UK,United Kingdom,3,1,78.54,
1316,1317,Rolf Kaspar GmbH,Germany,75,75,86.08,
1317,1318,Rolling Cask,Australia,5,4,90.75,
1318,1319,Ronald Morrison & Co. Ltd.,Scotland,17,1,84.00,
1319,1320,Ronin Whisky Co.,Greece,2,2,88.73,
1320,1321,"Roscrow, Greig & Co.",Scotland,5,2,82.42,
1321,1322,Roslin Distillers Ltd,Scotland,11,7,87.03,
1322,1323,Ross & Cameron Ltd.,Scotland,3,,,
1323,1324,Ross Brothers (Blenders) Ltd,Scotland,11,2,81.88,
1324,1325,Ross Campbell Ltd.,Scotland,1,,,
1325,1326,Ross Macbeth & Co.,Scotland,1,,0.00,
1326,1327,Row & Company (Distillers) Ltd,Scotland,23,7,76.14,
1327,1328,Royal Deeside Holdings,Scotland,5,1,91.00,
1328,1329,Royal Mile Whiskies,Scotland,85,68,86.34,
1329,1330,Royal Spirits,Germany,1,1,89.00,
1330,1331,Rubair Tunnag - Whiskyente,Germany,6,6,89.50,
1331,1332,Rudder,Japan,2,1,88.50,
1332,1333,Rudolf Futterer,Germany,41,41,87.27,
1333,1334,Rutherford & Boyd,Scotland,8,5,76.98,
1334,1335,Rutherford & Co. (Whisky Merchants) Ltd.,Scotland,73,15,78.66,
1335,1336,Rutherford & Kay,Scotland,1,,,
1336,1337,Rutherglen Scotch Whisky Co Ltd.,Scotland,25,,,
1337,1338,RYF Malts Ltd.,Scotland,2,2,84.17,
1338,1339,S. Campbell & Son Ltd.,Scotland,1,,0.00,
1339,1340,S. Levine,Scotland,1,,0.00,
1340,1341,S. MacMillan Ltd.,Scotland,2,,0.00,
1341,1342,SaarWhisky,Germany,38,23,87.46,
1342,1343,Sackman Spirits,Spain,4,3,87.33,
1343,1344,Sacred Spirits,United Kingdom,2,2,76.92,
1344,1345,Sadler's Brewing Co.,United Kingdom,12,10,75.00,
1345,1346,Salisbury Blending Co Ltd,Scotland,19,1,82.67,
1346,1347,Salty Breeze,Taiwan,1,,0.00,
1347,1348,Samaroli,Italy,548,458,88.09,
1348,1349,Samuel Gulliver & Co,United Kingdom,6,4,83.92,
1349,1350,Sandy Ross & Co.,Scotland,2,1,77.00,
1350,1351,Sansibar,Germany,401,372,87.31,
1351,1352,Sauerländer Edelbrand GmbH,Germany,,,0.00,
1352,1353,Savannah Distilling,United States,2,2,85.00,
1353,1354,Scandinavian Whisky Society,Sweden,16,6,84.64,
1354,1355,Schenken & Geniessen,Germany,1,1,89.00,
1355,1356,Schmachtendorf Hotel & Restaurant,Germany,1,1,89.17,
1356,1357,Schuler St. JakobsKellerei,Switzerland,7,7,85.33,
1357,1358,Schwarzstoff,Germany,2,2,80.75,
1358,1359,Scotch Malt Sales,Japan,173,67,88.31,
1359,1360,Scotch Roma,Italy,2,2,87.50,
1360,1361,Scotch Single Malt Circle,Germany,293,265,87.68,
1361,1362,Scotch Universe,Germany,142,141,86.07,
1362,1363,Scotch-Empire,Germany,1,1,89.00,
1363,1364,Scotchconnection,Germany,14,10,88.38,
1364,1365,ScotCrest,Scotland,5,,0.00,
1365,1366,Scotia Blending,Scotland,2,2,88.67,
1366,1367,Scotia Duncarron Ltd.,Scotland,1,,0.00,
1367,1368,Scotia Royale,Scotland,8,7,89.72,
1368,1369,Scotland Grindlay Ltd.,Scotland,10,8,84.56,
1369,1370,Scotland's Glory,Germany,24,24,84.76,
1370,1371,Scotland-and-Malts,Germany,45,40,85.17,
1371,1372,Scotspain,Denmark,2,2,81.34,
1372,1373,Scotswhisky.de,Germany,6,6,85.06,
1373,1374,Scott & Allan,Scotland,2,,0.00,
1374,1375,Scott & Millers,Scotland,2,2,90.00,
1375,1376,Scott Bruce & Co.,Scotland,1,,,
1376,1377,Scott Roger & Nixon,Scotland,8,2,80.50,
1377,1378,Scott's Selection,Scotland,467,384,87.18,
1378,1379,Scottish Buiterling,Germany,8,6,86.25,
1379,1380,Scottish Lion Scotch Whisky Co.,England,4,1,85.00,
1380,1381,Scottish Liqueur Centre,Scotland,70,50,85.39,
1381,1382,Scottish Majesty Distilling Co.,Scotland,4,1,82.00,
1382,1383,Scottsman Celtic Stuff,Germany,5,3,86.50,
1383,1384,SCSM,China,17,17,88.91,
1384,1385,Secret Spirits,United Kingdom,33,15,83.34,
1385,1386,Security Warehouse Co.,United States,2,,0.00,
1386,1387,Selected Malts AB,Sweden,72,56,84.66,
1387,1388,Selection Olivier Blanc,France,6,6,81.47,
1388,1389,Selkirk Distillers,Scotland,1,,0.00,
1389,1390,Sente Whisky Society,Belgium,1,1,88.20,
1390,1391,Sestante,Italy,165,144,89.77,
1391,1392,Seven Pillars Co. Ltd.,United Kingdom,14,,0.00,
1392,1393,Sexywhisky,Germany,93,22,85.66,
1393,1394,Sgaile.ch,Switzerland,11,6,80.58,
1394,1395,Sheridan & Gail Ltd.,United Kingdom,4,2,84.50,
1395,1396,Sherwoods,Netherlands,4,4,86.92,
1396,1397,Shinanoya,Japan,90,76,88.98,
1397,1398,Sieberts Whiskywelt,Germany,2,2,86.91,
1398,1399,Signatory Vintage,Scotland,9048,7367,85.90,
1399,1400,Signo d'Oro,Sweden,3,3,88.33,
1400,1401,Silent Ambassador,Belgium,23,18,85.39,
1401,1402,Silent Brigade Distillery,United States,9,,0.00,
1402,1403,Silver Screen Bottling Company,United States,8,2,84.00,
1403,1404,Silver Seal,Italy,288,230,88.95,
1404,1405,Simon Brown Traders,Germany,72,47,82.95,
1405,1406,Simple-Sample,Germany,48,41,84.42,
1406,1407,Simply Whisky,United Kingdom,7,5,85.16,
1407,1408,"Simpson Shepherd & Sons, Ltd.",Scotland,2,2,86.75,
1408,1409,Sin-Gold,Germany,19,10,84.05,
1409,1410,Singer & Co. Ltd.,United Kingdom,1,,0.00,
1410,1411,Single & Single,United Kingdom,16,14,86.63,
1411,1412,Single Cask Collection,Austria,69,62,86.26,
1412,1413,Single Malt Academy of Dalecarlia,Sweden,8,7,86.68,
1413,1414,Single Malt Dreams,Norway,7,7,86.66,
1414,1415,Single Malt Stekene,Belgium,2,1,86.00,
1415,1416,Single Malts Direct,Scotland,340,130,86.00,
1416,1417,Single Note,Netherlands,3,3,89.27,
1417,1418,SingleMalt.pl,Poland,2,2,85.19,
1418,1419,SingleMaltFans - Clash of Clans,Germany,10,4,88.31,
1419,1420,Sirius Whisky Purveyors,United States,5,2,91.75,
1420,1421,Skene,Scotland,24,12,82.97,
1421,1422,Skorupa Rareliquids,Germany,1,1,89.45,
1422,1423,Skotsj Fellowsjip,Netherlands,2,2,86.34,
1423,1424,Skovgaard Vine,Denmark,11,11,85.37,
1424,1425,"Slater, Rodger & Co. Ltd.",Scotland,22,11,82.72,
1425,1426,Sliabh Liag Distillers,Ireland,18,15,79.59,
1426,1427,Sligachan Blending Co.,Scotland,2,,0.00,
1427,1428,Slijterij Bams,Netherlands,12,12,87.35,
1428,1429,Small Batch Bottlers Scotland Ltd.,Scotland,17,4,88.17,
1429,1430,Smith & Henderson,Scotland,1,1,63.75,
1430,1431,Smith Bros & Co.,Scotland,1,,0.00,
1431,1432,Smoke Culture,Germany,1,,0.00,
1432,1433,Smoky Valley Distillery,United States,1,,0.00,
1433,1434,Smuggler by LANDI,Switzerland,12,11,87.36,
1434,1435,Société Dugas,France,33,16,87.71,
1435,1436,Solasta Spirits,Scotland,2,1,87.00,
1436,1437,Solway Spirits,United Kingdom,1,,0.00,
1437,1438,Sornberg Blending Co. Ltd.,Scotland,5,3,75.78,
1438,1439,South Star Spirits,United Kingdom,5,5,85.69,
1439,1440,Southwark Distillers Ltd.,United Kingdom,11,3,85.28,
1440,1441,Sovereign (Wine & Spirit) Co.,Scotland,2,,,
1441,1442,Spahns Scotchwarehouse,Germany,29,22,84.77,
1442,1443,Spanish Whisky Club,Spain,21,18,82.50,
1443,1444,Speciality Drinks Ltd,United Kingdom,393,365,87.40,
1444,1445,Spencer Collings & Co.,United Kingdom,6,5,86.02,
1445,1446,Speymalt Whisky Distributors Ltd.,Scotland,4,,,
1446,1447,Speyside Bonding Co. Ltd.,Scotland,3,,0.00,
1447,1448,Speyside Distillery & Bonding Co. Ltd.,Scotland,4,2,81.04,
1448,1449,Speyside Distillery Co.,Scotland,6,3,83.61,
1449,1450,Spheric Spirits,Germany,13,13,89.37,
1450,1451,Spieler Wein & Getränke,Germany,3,3,86.39,
1451,1452,Spirit Lustre,China,22,22,88.01,
1452,1453,Spirit of Hven,Sweden,2,2,84.00,
1453,1454,Spirit Paradise,France,2,1,88.00,
1454,1455,Spirit Still,Scotland,5,5,86.30,
1455,1456,Spirit Still Ltd.,Scotland,6,6,85.61,
1456,1457,spirit stock,Germany,7,7,87.32,
1457,1458,Spirit Tellers,Spain,1,1,70.00,
1458,1459,Spirit Thief,Australia,10,3,78.00,
1459,1460,Spiritfilled,United Kingdom,12,11,88.20,
1460,1461,Spirits Castle,Singapore,2,1,87.25,
1461,1462,Spirits Salon,Taiwan,29,19,87.65,
1462,1463,spiritscorner,Germany,1,1,88.38,
1463,1464,SPIRITUOS,Germany,3,3,85.33,
1464,1465,Spirituosen Superbillig,Germany,11,6,78.67,
1465,1466,Springbank Distillers Ltd.,Scotland,59,47,84.36,
1466,1467,Spruce Creek Spirits,United States,1,,0.00,
1467,1468,Squadron Malts,Scotland,14,5,86.50,
1468,1469,Square Barrel Whisky Ltd,Scotland,4,2,84.00,
1469,1470,Squires of Glasgow,Scotland,1,,0.00,
1470,1471,St Andrews Beverages Ltd.,Scotland,10,4,90.87,
1471,1472,St Andrews Whisky Company,Scotland,7,1,77.00,
1472,1473,St. Andrews Distilling Co.,Scotland,9,2,68.72,
1473,1474,Stalla Dhu Whiskies,United Kingdom,25,16,85.97,
1474,1475,Stanley Holt & Son Ltd.,Scotland,3,1,78.00,
1475,1476,Stanley P. Morrison Ltd,Scotland,22,14,87.18,
1476,1477,Stateman Whisky Blending Co.,Scotland,8,3,80.38,
1477,1478,Steamboat Whiskey Company,United States,2,,0.00,
1478,1479,Steeler Whiskyfass,Germany,2,1,88.00,
1479,1480,Steiger Spirits GmbH,Germany,1,1,77.25,
1480,1481,Steinhauser,Germany,7,4,86.17,
1481,1482,Stewart & Son of Dundee Ltd.,Scotland,54,35,82.14,
1482,1483,Stewart McBain Ltd.,Scotland,1,1,82.00,
1483,1484,Stewart Stevens Ltd.,Scotland,1,1,84.00,
1484,1485,Stewart Whisky Company,Scotland,6,6,84.76,
1485,1486,"Stewart, Pott & Co. Ltd.",Scotland,9,6,82.38,
1486,1487,Stillwater Whisky Co.,United Kingdom,3,2,91.09,
1487,1488,Stilnovisti,Scotland,20,13,83.27,
1488,1489,Stirk Brothers,Scotland,4,4,86.25,
1489,1490,Stirk Consultants Co. Ltd.,Scotland,6,6,84.90,
1490,1491,Stirling Distillery,Scotland,12,7,76.46,
1491,1492,Stonewall Malts,Germany,7,7,87.36,
1492,1493,Straight From The Cask,United Kingdom,6,1,84.95,
1493,1494,Strathblair Whisky Co. Ltd.,Scotland,15,9,86.69,
1494,1495,Strathdearn Scottish Distillers Ltd.,Scotland,11,6,77.36,
1495,1496,Strathdon Blending Company,Scotland,2,,0.00,
1496,1497,Stratheagle Blending Co. Ltd.,United Kingdom,1,,0.00,
1497,1498,Strathnairn Blenders Ltd.,Scotland,6,3,81.33,
1498,1499,Strathnairn Whisky Ltd.,Scotland,15,12,80.12,
1499,1500,Strathspey Highland Malt Whisky Company,Scotland,2,,0.00,
1500,1501,Stravaig Spirits Limited,Scotland,2,2,78.50,
1501,1502,Streah Independent,Scotland,1,1,87.79,
1502,1503,Stromness Distillery,Scotland,1,1,90.00,
1503,1504,Stuart James & Co. Ltd.,Scotland,1,,0.00,
1504,1505,Stuart MacNair & Co.,Scotland,11,3,90.56,
1505,1506,"Stuart, Baikie & Partners",Scotland,1,,,
1506,1507,stupidcask.de,Germany,4,3,81.77,
1507,1508,Suntory Whisky,Japan,188,131,85.38,
1508,1509,Supping Club,Australia,1,,0.00,
1509,1510,Sutcliffe & Son,Scotland,7,4,87.08,
1510,1511,Svensk Whiskyförmedling,Sweden,41,36,85.17,
1511,1512,Svenska Eldvatten,Sweden,130,125,86.76,
1512,1513,Svenska Whiskyförbundet,Sweden,19,11,85.50,
1513,1514,Sweetdram,United Kingdom,8,7,74.25,
1514,1515,Swell de Spirits,France,13,13,88.59,
1515,1516,Swiss Alpine Spirtit AG,Switzerland,1,1,78.00,
1516,1517,"Sycvino - Pinchen Enterprise Co., Ltd.",Taiwan,7,2,89.25,
1517,1518,Sylter Fässchen,Germany,10,7,83.64,
1518,1519,Sylter Trading GmbH,Germany,39,28,80.94,
1519,1520,Symposion International AB,Sweden,19,18,85.81,
1520,1521,Syndicate 58/6,Scotland,3,3,85.42,
1521,1522,T & T Toyama,Japan,23,13,87.30,
1522,1523,T. & A. McClelland Ltd.,Scotland,61,41,76.37,
1523,1524,Tabakwaren Holderied,Germany,9,7,86.87,
1524,1525,Tabea Dalfuß,Germany,2,2,83.50,
1525,1526,Tales & Oak,Belgium,4,3,85.67,
1526,1527,Tallant Distillery,Canada,5,5,88.62,
1527,1528,Tanners,United Kingdom,3,2,74.25,
1528,1529,Taplows Limited,Scotland,4,,0.00,
1529,1530,Tasmanian Independent Bottlers,Australia,40,11,84.91,
1530,1531,Taste Still,Belgium,42,39,88.42,
1531,1532,Taste-ination,Germany,7,,0.00,
1532,1533,Taste-of-Scotland.de,Germany,4,2,89.50,
1533,1534,Tastillery,Germany,3,3,83.39,
1534,1535,Tasting Fellows,Germany,13,12,85.11,
1535,1536,Tasttoe,Belgium,6,6,90.22,
1536,1537,Taylor & Ferguson Ltd.,Scotland,34,21,84.62,
1537,1538,Tayvallich Blenders Ltd.,Scotland,1,,0.00,
1538,1539,Tea Time British Food & More,Germany,6,6,83.58,
1539,1540,Teeling Whiskey Company,Ireland,487,434,84.78,
1540,1541,Terra Spirits & Liqueurs,Ireland,3,1,77.50,
1541,1542,That Boutique-y Whisky Company,United Kingdom,911,774,85.77,
1542,1543,The 7 Crown Distilling Company,United States,6,3,67.60,
1543,1544,The American Medicinal Spirits Co.,United States,11,2,89.75,
1544,1545,The Antique Collection East Kilbride,Scotland,2,1,84.67,
1545,1546,The Auld Alliance,Singapore,28,25,89.13,
1546,1547,The Barrel Baron,Netherlands,8,8,86.44,
1547,1548,The Barrel Club,Switzerland,3,2,86.00,
1548,1549,The Barreliers,Germany,6,6,82.49,
1549,1550,The Bass Rock Whisky Co.,Scotland,2,1,79.00,
1550,1551,The Bennachie,United Kingdom,16,7,80.62,
1551,1552,The Black Prince Scotch Whisky Co. Ltd.,Scotland,6,,,
1552,1553,The Black Watch Distillers,Scotland,2,,,
1553,1554,The Blended Whisky Company,United Kingdom,18,15,88.47,
1554,1555,The Bloomsbury Club,United Kingdom,1,1,72.00,
1555,1556,The Bonding Dram,Belgium,14,14,86.18,
1556,1557,The Book Edition,France,1,1,89.64,
1557,1558,The Bottlers,Scotland,79,72,90.15,
1558,1559,The Burscot,Scotland,2,,0.00,
1559,1560,The C&S Spirit Co.,Scotland,1,,0.00,
1560,1561,The Cairn Distillery,Scotland,3,3,86.71,
1561,1562,The Calvert Woodley Malt Company,Scotland,4,2,85.50,
1562,1563,The Campbeltown Loch Whisky Company,Scotland,7,5,82.12,
1563,1564,The Cask Whisperer,Scotland,12,12,87.29,
1564,1565,The Cask Wizard,Germany,32,32,87.69,
1565,1566,The Caskhound,Germany,159,154,86.53,
1566,1567,The Castle Brands Co.,Scotland,4,1,72.00,
1567,1568,The Character of Islay Whisky Company,United Kingdom,33,27,88.38,
1568,1569,The Charterstone Group,Scotland,5,2,84.50,
1569,1570,The Classic Cask,United States,61,24,86.95,
1570,1571,The Classic Whisky Guild,United Kingdom,35,5,90.53,
1571,1572,The Clydesdale Original,United Kingdom,70,54,84.65,
1572,1573,The Clydeside Distillery,Scotland,3,3,78.53,
1573,1574,The Cornish Moonshine Company,United Kingdom,5,5,68.20,
1574,1575,The Craft Irish Whiskey Co.,Ireland,5,2,69.00,
1575,1576,The Crazy Scotch Whisky International Company,Scotland,5,4,76.25,
1576,1577,The Curtis Distillery Company Ltd.,Scotland,6,1,78.00,
1577,1578,The Daily Dram,Netherlands,39,39,85.19,
1578,1579,The Dalriada Whisky Company,Scotland,14,9,89.96,
1579,1580,The Dava Way,Scotland,9,8,84.76,
1580,1581,The Distillers Agency,Scotland,89,39,83.66,
1581,1582,The Distillers Art,Scotland,7,6,85.14,
1582,1583,The Distillers Society,Scotland,1,1,95.00,
1583,1584,The Distinctive Spirits Co.,United States,2,,0.00,
1584,1585,The Dram Good Whisky Co.,Scotland,13,3,87.17,
1585,1586,The Dram Team,United Kingdom,36,14,81.71,
1586,1587,The Drambuie Liqueur Co. Ltd.,Scotland,6,3,83.55,
1587,1588,The Drambusters,Scotland,12,10,83.71,
1588,1589,The Drammers,Netherlands,1,1,85.00,
1589,1590,The Duchess,Netherlands,9,9,88.23,
1590,1591,The Fincastle Blending Co.,Scotland,1,1,80.00,
1591,1592,The Finest Malts,Germany,27,27,87.73,
1592,1593,The Finest Notes,Belgium,3,3,87.17,
1593,1594,The Firkin Whisky Co. Ltd.,United Kingdom,47,39,85.31,
1594,1595,The Fisherman's Retreat,United Kingdom,22,19,85.93,
1595,1596,The Glasgow Distillery Company,Scotland,5,5,89.64,
1596,1597,The Glasgow Whisky Company,Scotland,33,20,82.63,
1597,1598,The Glen Argyll (Whisky) Co. Ltd.,Scotland,4,1,89.00,
1598,1599,The Glen Castle Whisky Co.,Scotland,20,13,90.04,
1599,1600,The Glendale Whisky Company,Scotland,2,1,85.00,
1600,1601,The Glenfohry Malt Co. Glasgow,Scotland,1,,0.00,
1601,1602,The Glenlivet Whisky Company Ltd.,Scotland,4,3,77.61,
1602,1603,The Glenrinnes Blending Co.,Scotland,8,1,80.00,
1603,1604,The Good Spirits,Hong Kong,5,4,88.92,
1604,1605,The Good Spirits Co.,Scotland,35,16,84.78,
1605,1606,The Granton Whisky Co.,Scotland,3,1,80.00,
1606,1607,The Great Northern Distillery,Ireland,3,5,87.95,
1607,1608,The Heart Cut,United Kingdom,5,,0.00,
1608,1609,The Hebridean Liqueur Co.,Scotland,12,8,87.59,
1609,1610,The Highland Bonding Co.,Scotland,14,8,78.06,
1610,1611,The Highland Way Whisky Company,Scotland,3,,,
1611,1612,The Highlands & Islands,Scotland,97,72,83.84,
1612,1613,The House of Greyhound,Scotland,3,,,
1613,1614,The House of MacDuff,Scotland,245,176,85.66,
1614,1615,The Imperial Whisky Company Ltd.,Scotland,1,,0.00,
1615,1616,The Inveravon Blending Co.,Scotland,2,1,84.22,
1616,1617,The IrishAmerican Trading Co.,Ireland,5,3,78.56,
1617,1618,The Islay Boys,Scotland,21,20,82.82,
1618,1619,The Israeli Whisky Society,Israel,4,3,76.67,
1619,1620,The Kinloch Distillery Co. Ltd.,Scotland,5,1,79.00,
1620,1621,The Kinross Whisky Company Ltd,United Kingdom,6,2,82.00,
1621,1622,The Kintore Distilling Co. Ltd.,Scotland,5,1,85.25,
1622,1623,The Knapkin Syndicate,Scotland,1,1,90.00,
1623,1624,The Ladyburn Distillery Company,Scotland,1,,0.00,
1624,1625,The Last Drop Distillers Limited,United Kingdom,28,8,91.15,
1625,1626,The Leaking Cask,Germany,4,3,87.38,
1626,1627,The Leith Export Co.,Scotland,1,,0.00,
1627,1628,The Limerick Spirits Company Ltd,Ireland,16,14,88.56,
1628,1629,The Liquid Art,Germany,11,10,86.44,
1629,1630,The Liquid Madness,Germany,7,7,83.71,
1630,1631,The Liquoree,China,7,7,88.34,
1631,1632,The Loch Kindie Malt Co.,Scotland,1,1,86.00,
1632,1633,The Longman Bonding Co. Ltd.,Scotland,19,7,81.02,
1633,1634,The Lost Distillery Company,Scotland,90,73,81.58,
1634,1635,The Magnificent Five,Belgium,3,1,87.79,
1635,1636,The Malt Whisky Association,United Kingdom,7,3,87.33,
1636,1637,The Malt Whisky Company,Scotland,26,19,86.40,
1637,1638,The Maltcask,Hong Kong,1,1,89.00,
1638,1639,The Maltlovinglawyer,Germany,2,2,89.45,
1639,1640,The Merchant's Collection,Italy,36,21,85.85,
1640,1641,The Mini Bottle Club,United Kingdom,3,,0.00,
1641,1642,The Moorland Distiller,United Kingdom,13,9,89.37,
1642,1643,The Moray Malt Whisky Ltd.,Scotland,19,15,85.01,
1643,1644,The Muff Liquor Company,Ireland,1,1,80.00,
1644,1645,The New Zealand Whisky Company,New Zealand,117,86,84.34,
1645,1646,The Oak Barrel,Australia,2,,0.00,
1646,1647,The Old Friends,Germany,29,29,86.13,
1647,1648,The Own Label Company,Scotland,3,1,84.80,
1648,1649,The Perfect Fifth,United States,10,4,89.77,
1649,1650,The Quaich,Germany,5,3,87.50,
1650,1651,The Queen of the Moorlands,United Kingdom,41,31,86.43,
1651,1652,The Rare Malt,Hong Kong,1,1,84.50,
1652,1653,The Red Cask Company,Scotland,,24,86.78,
1653,1654,The Red Lion Blending Co. Limited,United Kingdom,3,2,83.00,
1654,1655,The Regent Bonding Co.,Scotland,1,,0.00,
1655,1656,The Remnant Whisky Company,Australia,14,6,83.17,
1656,1657,The Roots,Belgium,5,5,89.51,
1657,1658,The Sailor's Home Company Limited,Ireland,9,9,80.58,
1658,1659,The Scotch Malt Whisky Society,Scotland,13512,9126,86.45,
1659,1660,The Scott Fife Sutherland Malt Company,Scotland,3,,0.00,
1660,1661,The Scottish Gantry,Scotland,1,1,88.00,
1661,1662,The Scottish Independent Distillers Co. Ltd.,Scotland,70,42,84.13,
1662,1663,The Scottish Trading Company Ltd.,Scotland,4,1,84.67,
1663,1664,The Seafield Blending Co. Ltd.,Scotland,1,,0.00,
1664,1665,The Secret Malt,China,3,,0.00,
1665,1666,The Secret Treasures,Scotland,31,26,84.69,
1666,1667,The Shieling Scotch Whisky Co. Ltd.,Scotland,2,,,
1667,1668,The Shining Dram,Germany,33,30,88.32,
1668,1669,The Single Barrel Collection,Germany,22,16,84.46,
1669,1670,The Single Cask Ltd.,United Kingdom,416,288,85.93,
1670,1671,The Sipping Shed,United Kingdom,12,8,87.18,
1671,1672,The Spencerfield Spirit Company,Scotland,5,4,75.94,
1672,1673,The Spirit of Wine,Netherlands,1,1,83.00,
1673,1674,The Spirit Safe Whisky Co.,Scotland,7,1,68.50,
1674,1675,The Spirits Alchemist,Germany,28,28,84.58,
1675,1676,The Stillman's,Switzerland,30,27,87.73,
1676,1677,The Stillman's DE,Germany,28,26,87.15,
1677,1678,The Stirling Bonding Co. Ltd.,Scotland,3,,,
1678,1679,The Tanist Bonding Co. Ltd.,Scotland,30,10,73.58,
1679,1680,The Taste Buddys,Germany,6,6,86.95,
1680,1681,The Taste of Whisky,Poland,28,28,87.68,
1681,1682,The Trade Agent,Germany,1,1,77.50,
1682,1683,"The Ultimate Spirits, Rudder Ltd",Japan,48,23,88.84,
1683,1684,The Vintage Malt Whisky Co Ltd.,Scotland,1238,1002,85.22,
1684,1685,The VO Company,United States,5,5,69.89,
1685,1686,The Waxhouse Whisky Company,United Kingdom,7,6,86.28,
1686,1687,The Wee Dram,United Kingdom,13,6,86.79,
1687,1688,The Westfalian,Germany,57,53,86.19,
1688,1689,The Whisky Agency,Germany,1021,929,88.08,
1689,1690,The Whisky Baron,United Kingdom,22,19,86.27,
1690,1691,The Whisky Barrel,Scotland,76,63,85.43,
1691,1692,The Whisky Blues,Taiwan,48,45,88.03,
1692,1693,The Whisky Cask,Germany,211,208,86.63,
1693,1694,The Whisky Cask Company,Switzerland,41,40,87.40,
1694,1695,The Whisky Castle,Scotland,32,23,83.71,
1695,1696,The Whisky Cellar,Scotland,93,69,86.60,
1696,1697,The Whisky Chamber,Germany,259,245,86.58,
1697,1698,The Whisky Connoisseur,Scotland,263,146,84.72,
1698,1699,The Whisky Devils,Netherlands,1,1,86.11,
1699,1700,The Whisky Exchange,United Kingdom,128,110,87.75,
1700,1701,The Whisky Experience Ltd,United Kingdom,5,4,82.38,
1701,1702,The Whisky Fair,Germany,126,120,88.05,
1702,1703,The Whisky Fellas,Italy,12,12,87.54,
1703,1704,The Whisky Gallery,Bulgaria,13,12,87.90,
1704,1705,The Whisky Hoop,Japan,5,5,88.25,
1705,1706,The Whisky House,Belgium,12,9,86.36,
1706,1707,The Whisky House Scotland,Cyprus,1,2,86.00,
1707,1708,The Whisky Jury,Belgium,42,42,88.69,
1708,1709,The Whisky Kingdom,Germany,5,5,89.43,
1709,1710,The Whisky List,Australia,3,,0.00,
1710,1711,The Whisky Lounge,United Kingdom,32,16,84.31,
1711,1712,The Whisky Mercenary,Belgium,45,43,86.56,
1712,1713,The Whisky Roundabout,Italy,6,6,87.58,
1713,1714,The Whisky Shop,Scotland,127,81,82.25,
1714,1715,The Whisky Shop Dufftown,Scotland,3,2,84.70,
1715,1716,The Whisky Society,United Kingdom,3,3,88.52,
1716,1717,The Whisky Talker,Netherlands,60,58,87.64,
1717,1718,The Whisky Tasting Club,Germany,9,7,87.07,
1718,1719,The Whisky Vault,United Kingdom,,,0.00,
1719,1720,The Whisky Warehouse No.8,Germany,351,279,84.93,
1720,1721,The Whisky Works,Scotland,4,4,84.41,
1721,1722,The Whiskyfind,Taiwan,246,201,87.59,
1722,1723,The Whiskyman,Belgium,37,37,87.70,
1723,1724,The Whiskymouse,United Kingdom,2,1,98.00,
1724,1725,The Wholly Spirits Co.,Scotland,3,2,86.25,
1725,1726,The Wine Society,United Kingdom,44,24,87.12,
1726,1727,The Worshipful Company of Distillers,United Kingdom,2,,0.00,
1727,1728,The Wright Wine Company,United Kingdom,9,2,82.00,
1728,1729,The Writing Club - Singapore,Singapore,2,2,90.00,
1729,1730,Thisted Frø,Denmark,1,1,87.33,
1730,1731,Thistle Collection,Scotland,8,5,85.27,
1731,1732,Thistle Spirits,Belgium,4,2,85.45,
1732,1733,Thistle Whiskies,Scotland,2,,0.00,
1733,1734,Thomas Mac & Sons (Whisky) Ltd.,Scotland,2,,0.00,
1734,1735,Thomas Maher,Ireland,4,2,79.00,
1735,1736,Thomas Shaw (London & Glasgow) Ltd.,Scotland,2,,0.00,
1736,1737,Thomas Waugh & Co. Ltd.,Scotland,3,,0.00,
1737,1738,Thompson's,France,8,7,84.06,
1738,1739,Thomson,New Zealand,9,5,78.91,
1739,1740,"Thomson, Lauder & Co.",Scotland,6,2,81.69,
1740,1741,Thorne & Shankland,Scotland,1,,0.00,
1741,1742,Thornæs Destilleri,Denmark,2,,0.00,
1742,1743,Thorslundkagge,Sweden,6,,0.00,
1743,1744,Thos. S. Jones & Co.,United States,1,,0.00,
1744,1745,Thosop Import,Belgium,22,21,89.53,
1745,1746,Three Chord,United States,51,1,86.00,
1746,1747,Three Counties Liquer Co.,Ireland,2,2,72.30,
1747,1748,Three Kings Spirits,United States,1,,0.00,
1748,1749,Three Rivers Tokyo,Japan,152,114,89.23,
1749,1750,Timeless & Tasty,Hong Kong,1,2,87.34,
1750,1751,Timstasting,Belgium,2,2,81.38,
1751,1752,Tiree Whisky Company Ltd,Scotland,1,,0.00,
1752,1753,Titanic Distillers,United Kingdom,1,1,76.33,
1753,1754,Tjaerdalen,Sweden,28,20,85.35,
1754,1755,TnT-Casks,Germany,30,30,86.44,
1755,1756,Tokuoka,Japan,1,1,65.00,
1756,1757,Tollemache's Breweries Limited,United Kingdom,2,2,80.00,
1757,1758,Tom's Whisky Selection,Switzerland,11,9,87.41,
1758,1759,Toms Whisky & Spirits,Germany,4,1,88.36,
1759,1760,Toorank B.V. Distilleries,Netherlands,15,11,71.83,
1760,1761,Torsten Paul Whisky Company,Netherlands,9,9,85.96,
1761,1762,Tower Blending Co.,United Kingdom,6,,,
1762,1763,Trader Joe's,United States,15,10,78.47,
1763,1764,"Train & McIntyre, Ltd.",Scotland,6,2,89.35,
1764,1765,Treaty Oak Distilling,United States,12,2,86.00,
1765,1766,Trevelyan Mfg. Co. Ltd.,United Kingdom,1,,,
1766,1767,Tri Carragh Whisky,Scotland,9,3,89.44,
1767,1768,Trink Kunst,Germany,1,,0.00,
1768,1769,Turnbull Hawick,Scotland,1,1,78.00,
1769,1770,Turntable Spirits,United Kingdom,7,7,84.94,
1770,1771,Tuxedo Ltd.,Scotland,6,2,83.42,
1771,1772,Two Worlds Whiskey,France,1,1,87.27,
1772,1773,UD - bottler,Scotland,1767,1043,86.88,
1773,1774,Uncharted Whisky Co.,Scotland,27,23,86.65,
1774,1775,Union Whisky Company,Scotland,10,2,81.80,
1775,1776,Usquebaugh Society,Netherlands,15,15,85.36,
1776,1777,Valinch & Mallet,United Kingdom,132,126,86.83,
1777,1778,Valour Whisky Ltd.,China,28,1,89.00,
1778,1779,VAME Malts,Germany,5,5,87.85,
1779,1780,van Wees,Netherlands,1240,1118,84.38,
1780,1781,VCL Vintners,United Kingdom,5,,0.00,
1781,1782,Vennmoor,Germany,1,1,85.00,
1782,1783,Verlag Dollinger & Stein G.b.R.,Germany,1,1,81.00,
1783,1784,Viaduct Spirits and Wines Ireland,Ireland,1,,,
1784,1785,Villa Konthor,Germany,137,128,85.87,
1785,1786,Vin & Spirit AB,Sweden,20,18,81.26,
1786,1787,Vinet-Delpech,France,1,,0.00,
1787,1788,Vinmonopolet ApS,Denmark,19,10,84.13,
1788,1789,Vintage Bottlers,United Kingdom,9,7,88.60,
1789,1790,Vintage-Whisky,Israel,4,3,89.45,
1790,1791,Vita Dulcis GmbH,Germany,1,1,89.00,
1791,1792,Vitalis KFT,Hungary,2,2,84.50,
1792,1793,Vive La Vie,Taiwan,29,14,87.18,
1793,1794,vom Fass,Germany,217,175,81.66,
1794,1795,W & A Gilbey Ltd.,United Kingdom,31,13,82.56,
1795,1796,W. & S. Strong,Scotland,1,1,82.57,
1796,1797,W. A. Ross & Brother,Scotland,1,1,79.50,
1797,1798,W. G. McFadden & Co.,Scotland,3,2,85.75,
1798,1799,W. G. Paterson & Son,Scotland,2,2,79.84,
1799,1800,W. H. Chaplin & Co. Ltd.,Scotland,8,2,79.00,
1800,1801,W. H. Milner,United Kingdom,1,1,76.50,
1801,1802,W. M. Muirhead & Sons,Scotland,2,2,81.25,
1802,1803,W. Shepperd & Co.,United Kingdom,2,,0.00,
1803,1804,W.D. O'Connell Whiskey Merchants,Ireland,32,28,86.32,
1804,1805,W.P. Lowrie & Co. Ltd.,Scotland,1,,0.00,
1805,1806,W.R. Paterson Ltd.,Scotland,1,,0.00,
1806,1807,Waddell Hepburn,Italy,14,14,89.28,
1807,1808,Wajos,Germany,28,22,81.87,
1808,1809,Wakker,Netherlands,1,,0.00,
1809,1810,Wallace & Young Distillers Co.,Scotland,18,16,74.62,
1810,1811,Warrenton Hunt Club Associates,United States,1,,0.00,
1811,1812,Wauchope Moodie & Co. Ltd.,Scotland,1,1,90.00,
1812,1813,Wayward Irish Spirits,Ireland,15,11,84.79,
1813,1814,WB World Wide Blenders & Bottlers Ltd.,Portugal,6,1,25.00,
1814,1815,We Are Whisky,Belgium,9,2,85.34,
1815,1816,Weeesky,New Zealand,5,4,86.17,
1816,1817,Wein & Whisky Depot Schleswig,Germany,25,11,81.68,
1817,1818,Weinhandlung François Jacoulot,Germany,1,1,87.00,
1818,1819,Weinroman,Germany,3,2,87.50,
1819,1820,Weinturm,Austria,4,4,86.71,
1820,1821,Wellington Whisky Blending Co. Ltd.,Scotland,2,2,80.50,
1821,1822,Welsh Whisky Co.,United Kingdom,20,10,81.05,
1822,1823,Weltfein,Germany,9,4,85.06,
1823,1824,Wemyss Malts,Scotland,502,464,85.77,
1824,1825,Wernamo Whiskyvänner,Sweden,6,4,86.25,
1825,1826,West Fork Whiskey,United States,15,1,80.00,
1826,1827,Westerås Whisky Wenner,Sweden,2,2,85.19,
1827,1828,Westminster Scotch Company,United Kingdom,14,1,86.67,
1828,1829,Westwood Whisky,Germany,5,4,85.49,
1829,1830,Wexiö Maltwhiskysällskap,Sweden,3,2,88.50,
1830,1831,WFFA,United Kingdom,10,10,87.74,
1831,1832,WGM,Netherlands,1,1,86.09,
1832,1833,whic - Whiskycircle,Germany,88,85,85.96,
1833,1834,Whigham Fergusson (Export) Ltd.,Scotland,1,1,80.00,
1834,1835,Whighams of Ayr Ltd.,Scotland,1,,0.00,
1835,1836,Whisk(e)y and More,Germany,6,3,83.08,
1836,1837,Whisk-e Ltd.,Japan,238,118,87.78,
1837,1838,Whiskey Factor,Ireland,7,6,84.70,
1838,1839,Whiskey Thief Distilling Co.,United States,156,1,85.00,
1839,1840,Whiskey Thieves,United States,1,1,85.50,
1840,1841,Whiskey Union,Scotland,2,2,74.70,
1841,1842,Whiski,Scotland,7,5,85.65,
1842,1843,Whisky & Cigars,Germany,14,8,86.46,
1843,1844,Whisky & Dreams,Germany,23,23,86.44,
1844,1845,Whisky & Genuss Dresden,Germany,9,7,82.87,
1845,1846,"Whisky & Rhum, Le Caviste Spécialiste",France,25,22,83.61,
1846,1847,Whisky & Spirit Blending Co.,United Kingdom,2,1,90.00,
1847,1848,Whisky & Whiskey,Netherlands,1,1,84.50,
1848,1849,Whisky AGE,Taiwan,24,22,87.46,
1849,1850,Whisky Ambassador Ltd.,Scotland,1,,0.00,
1850,1851,Whisky and Gin Trading Co. Ltd.,Scotland,2,,0.00,
1851,1852,Whisky Antique,Italy,2,1,92.00,
1852,1853,Whisky Art,Norway,4,4,86.73,
1853,1854,Whisky Bart,Belgium,2,2,85.64,
1854,1855,Whisky Center,Netherlands,2,2,87.25,
1855,1856,Whisky Club Groningen,Netherlands,4,4,84.05,
1856,1857,Whisky Club of Austria,Austria,2,2,90.73,
1857,1858,Whisky Club Royal,Germany,57,24,85.32,
1858,1859,Whisky Concerto,Hong Kong,5,5,87.90,
1859,1860,Whisky Druid,Germany,34,34,85.80,
1860,1861,Whisky Dungeon Münster,Germany,9,5,87.29,
1861,1862,Whisky Erlebnis,Germany,8,7,87.29,
1862,1863,Whisky Essence,Czech Republic,3,3,85.63,
1863,1864,Whisky for Life,Germany,9,9,86.98,
1864,1865,Whisky Freunde Pfalz,Germany,8,8,85.96,
1865,1866,Whisky Garage Rhön,Germany,1,,0.00,
1866,1867,Whisky Illuminati,Scotland,12,11,88.60,
1867,1868,Whisky Import BELUX,Belgium,4,4,86.02,
1868,1869,Whisky Import Nederland,Netherlands,82,78,85.90,
1869,1870,Whisky in Isolation,Australia,6,6,90.92,
1870,1871,Whisky in Wiesbaden,Germany,4,4,85.48,
1871,1872,Whisky Is The Limit,Switzerland,14,14,86.62,
1872,1873,Whisky Live Australia,Australia,1,,0.00,
1873,1874,Whisky Market Cologne,Germany,6,1,88.00,
1874,1875,Whisky Merchants,Netherlands,3,2,87.50,
1875,1876,Whisky Picnic Bar,Taiwan,16,9,88.02,
1876,1877,Whisky Relish,Germany,2,2,87.70,
1877,1878,Whisky Republic Ltd.,China,29,3,90.67,
1878,1879,Whisky Room,Germany,4,4,84.69,
1879,1880,Whisky Saga,Sweden,1,1,87.00,
1880,1881,Whisky Shop Neumarkt,Switzerland,9,6,86.90,
1881,1882,Whisky Society Waterland,Netherlands,2,2,86.82,
1882,1883,Whisky Square,Germany,16,15,86.56,
1883,1884,Whisky Stube,Germany,7,5,83.80,
1884,1885,Whisky Tales,Germany,53,52,86.73,
1885,1886,Whisky Tempel,Germany,8,8,87.66,
1886,1887,Whisky Tower,Germany,5,5,83.20,
1887,1888,Whisky UA,Ukraine,8,8,85.08,
1888,1889,Whisky Universe,Switzerland,2,2,84.57,
1889,1890,Whisky Watcher,Denmark,2,2,87.36,
1890,1891,Whisky Wizard,Germany,11,10,87.22,
1891,1892,whisky'n'more,Germany,19,14,83.78,
1892,1893,Whisky-Baron,Germany,1,1,88.00,
1893,1894,Whisky-Depot Köln,Germany,2,2,84.00,
1894,1895,Whisky-Doris,Germany,182,167,87.40,
1895,1896,Whisky-Fässle,Germany,135,135,88.52,
1896,1897,Whisky-Hood,Switzerland,8,7,88.20,
1897,1898,Whisky-Kombinat Karl-Marx-Stadt,Germany,6,6,87.48,
1898,1899,Whisky-Land,Germany,2,1,88.19,
1899,1900,Whisky-Me.com,United Kingdom,8,7,83.73,
1900,1901,Whisky-Mobil,Germany,14,9,86.75,
1901,1902,Whisky-Shop Lüneburger Heide,Germany,2,,0.00,
1902,1903,Whisky-Weekend,Germany,1,1,81.00,
1903,1904,whisky.de,Germany,12,9,79.11,
1904,1905,whisky.dk,Denmark,14,6,84.47,
1905,1906,Whiskybase.com,Netherlands,30,29,87.29,
1906,1907,WhiskyBlender,Scotland,7,7,84.57,
1907,1908,Whiskybox,Germany,3,3,87.51,
1908,1909,Whiskybroker.co.uk,Scotland,861,731,85.84,
1909,1910,WhiskyBrother & Co.,South Africa,3,,0.00,
1910,1911,Whiskybrunnen,Germany,11,3,85.83,
1911,1912,Whiskyburg,Germany,16,16,87.40,
1912,1913,Whiskyclub Cask Six,Belgium,1,1,84.25,
1913,1914,Whiskyclub Lichtenstein,Germany,9,9,86.62,
1914,1915,whiskyclub.it,Italy,16,12,86.50,
1915,1916,Whiskycorner,Belgium,10,5,86.30,
1916,1917,Whiskydrink.cn,China,1,1,87.00,
1917,1918,Whiskydudes,Netherlands,34,34,87.22,
1918,1919,WhiskyENJOY,China,10,9,87.77,
1919,1920,Whiskyflaskan.se,Sweden,2,1,85.33,
1920,1921,Whiskyforum.se,Sweden,5,5,87.51,
1921,1922,whiskyforyou.it,Italy,11,11,87.69,
1922,1923,Whiskyfreunde Essenheim,Germany,37,37,85.06,
1923,1924,Whiskyhort,Germany,43,40,85.52,
1924,1925,Whiskyib,Taiwan,44,34,88.55,
1925,1926,Whiskyjace,Germany,38,33,85.56,
1926,1927,WhiskyJason,Germany,3,3,81.55,
1927,1928,Whiskykanzler,Germany,55,49,86.44,
1928,1929,Whiskykeller,Germany,41,37,86.44,
1929,1930,Whiskyklubben Slainte,Sweden,168,33,85.40,
1930,1931,Whiskykoch,Germany,6,5,85.73,
1931,1932,Whiskyladen Radebeul,Germany,37,36,86.04,
1932,1933,Whiskymania.de,Germany,21,19,85.80,
1933,1934,Whiskymax,Germany,220,198,83.75,
1934,1935,Whiskymesse Ruesselsheim,Germany,7,3,88.09,
1935,1936,Whiskymessen.dk,Denmark,18,15,83.28,
1936,1937,Whiskynaut,China,4,4,89.20,
1937,1938,WhiskyNavi,"Korea, Republic Of",6,4,87.71,
1938,1939,WhiskyNerds,Netherlands,16,16,89.14,
1939,1940,Whiskypack,Germany,24,9,82.26,
1940,1941,WhiskyPeter.dk,Denmark,22,10,85.08,
1941,1942,Whiskyschiff Luzern,Switzerland,2,2,85.44,
1942,1943,WhiskyShopSaar,Germany,1,1,89.00,
1943,1944,Whiskysite.nl,Netherlands,12,12,86.87,
1944,1945,WhiskySponge,Scotland,118,115,87.96,
1945,1946,Whiskystammtisch Kassel,Germany,5,5,88.83,
1946,1947,Whitbread & Co.,United Kingdom,6,2,67.50,
1947,1948,White Heather Distillers Ltd.,Scotland,67,49,83.72,
1948,1949,White Horse Distillers,Scotland,300,190,84.33,
1949,1950,Whitmore & Bayley,Scotland,6,1,80.00,
1950,1951,Whyte & Mackay,Scotland,172,96,78.98,
1951,1952,Whyte & Whyte Importers Ltd.,Scotland,73,21,90.47,
1952,1953,Wicklow Hills Whiskey Ltd.,Ireland,6,4,81.53,
1953,1954,Wild Scotsman,United States,9,4,81.79,
1954,1955,Wildcat Willy’s Distillery,United States,3,,,
1955,1956,William & Co. Spirits,Scotland,8,4,87.63,
1956,1957,William Cadenhead Ltd.,Scotland,7,1,86.00,
1957,1958,William Grant & Sons,Scotland,271,166,76.67,
1958,1959,William H. Maclean & Sons Ltd.,South Africa,2,,0.00,
1959,1960,William Lawson  (Whisky) Ltd.,Scotland,4,,0.00,
1960,1961,William Lawson Distillers Ltd.,Scotland,57,35,72.74,
1961,1962,William Longmore & Co. Ltd.,Scotland,31,16,72.40,
1962,1963,William Lundie & Co.,United Kingdom,32,19,79.43,
1963,1964,William Maxwell & Co. Ltd.,Scotland,80,56,84.52,
1964,1965,William McFarlane & Co.,Scotland,10,7,72.06,
1965,1966,William McHenry & Sons,Australia,1,,,
1966,1967,William Morton,Scotland,3,,,
1967,1968,William Peel,United Kingdom,12,2,46.50,
1968,1969,William Penrose Ltd.,United Kingdom,2,,,
1969,1970,William Pitters International,Scotland,14,4,68.69,
1970,1971,William Tarr Distillery,United States,8,,0.00,
1971,1972,William Watt & Co.,Scotland,2,,,
1972,1973,William Whiteley & Co.,Scotland,58,37,80.04,
1973,1974,William Younger and Company Ltd.,United Kingdom,1,,,
1974,1975,Williams & Humbert,Scotland,1,,0.00,
1975,1976,Williams-Egan Ltd.,Ireland,1,,0.00,
1976,1977,Willie's Distillery,United States,2,,0.00,
1977,1978,Wilson & Morgan,Italy,742,635,86.79,
1978,1979,"Wilson, Finlay & Co.",Scotland,1,,0.00,
1979,1980,Winblads Whisky Cask Projects,Sweden,15,8,83.44,
1980,1981,Winston Blending Ltd.,Scotland,1,1,86.67,
1981,1982,Wise Caldwell Distillers,United States,4,,0.00,
1982,1983,WIT France SAS,France,3,2,76.10,
1983,1984,Wm Morrison Wines and Spirits Merchant,Scotland,2,,0.00,
1984,1985,WM Spirits,Germany,6,5,90.05,
1985,1986,Wm. Maxwell Ltd.,Scotland,23,14,82.00,
1986,1987,Wm. Sanderson & Son Ltd.,Scotland,98,60,80.72,
1987,1988,Wm. Teacher & Sons Ltd.,Scotland,105,69,78.82,
1988,1989,Wolf Point Distilling,United States,3,,0.00,
1989,1990,Wolsdorff Tobacco,Germany,12,5,85.17,
1990,1991,Woodrow's of Edinburgh,Scotland,31,15,86.50,
1991,1992,Woodside & Wylie & Co.,Scotland,19,11,66.98,
1992,1993,WoodWinters,United Kingdom,22,14,86.74,
1993,1994,Woolf / Sung,United Kingdom,2,2,91.38,
1994,1995,World Single Malt,Germany,20,18,83.46,
1995,1996,World Whiskey Society,United States,2,,0.00,
1996,1997,Worthyman Blending Co.,Scotland,27,3,81.44,
1997,1998,Woven Whisky,Scotland,26,14,82.83,
1998,1999,Wright & Greig Ltd.,Scotland,3,,0.00,
1999,2000,WTF Utrecht,Netherlands,1,1,87.43,
2000,2001,Y. Marshall,Scotland,1,1,86.25,
2001,2002,Yates Brothers Wine Lodges Ltd.,Scotland,3,2,84.84,
2002,2003,Young Spirits,Scotland,18,14,87.84,
2003,2004,Ypres Whisky Friends,Belgium,3,3,84.99,
2004,2005,Zero Nine Spirits,France,2,2,88.32,
2005,2006,Zeughaus Spirituosen,Austria,2,2,88.73,
2006,2007,ZOZ Production,Taiwan,10,2,85.13,
